,prob_transmission,Run,Number_of_Patients_sick,prob_patient_sick,prob_new_patient,isolation_factor,cleaningDay,isolate_sick,isolation_time,icu_hcw_wash_rate,outside_hcw_wash_rate,height,width
0,1e-05,0,3,0.01,0.003,0.75,360,True,14,0.9,0.9,11,32
1,1e-05,1,5,0.01,0.003,0.75,360,True,14,0.9,0.9,11,32
2,1e-05,2,3,0.01,0.003,0.75,360,True,14,0.9,0.9,11,32
3,1e-05,3,4,0.01,0.003,0.75,360,True,14,0.9,0.9,11,32
4,1e-05,4,2,0.01,0.003,0.75,360,True,14,0.9,0.9,11,32
5,1e-05,5,0,0.01,0.003,0.75,360,True,14,0.9,0.9,11,32
6,1e-05,6,1,0.01,0.003,0.75,360,True,14,0.9,0.9,11,32
7,1e-05,7,2,0.01,0.003,0.75,360,True,14,0.9,0.9,11,32
8,1e-05,8,3,0.01,0.003,0.75,360,True,14,0.9,0.9,11,32
9,1e-05,9,1,0.01,0.003,0.75,360,True,14,0.9,0.9,11,32
10,1e-05,10,4,0.01,0.003,0.75,360,True,14,0.9,0.9,11,32
11,1e-05,11,0,0.01,0.003,0.75,360,True,14,0.9,0.9,11,32
12,1e-05,12,1,0.01,0.003,0.75,360,True,14,0.9,0.9,11,32
13,1e-05,13,0,0.01,0.003,0.75,360,True,14,0.9,0.9,11,32
14,1e-05,14,1,0.01,0.003,0.75,360,True,14,0.9,0.9,11,32
15,1e-05,15,2,0.01,0.003,0.75,360,True,14,0.9,0.9,11,32
16,1e-05,16,2,0.01,0.003,0.75,360,True,14,0.9,0.9,11,32
17,1e-05,17,3,0.01,0.003,0.75,360,True,14,0.9,0.9,11,32
18,1e-05,18,3,0.01,0.003,0.75,360,True,14,0.9,0.9,11,32
19,1e-05,19,2,0.01,0.003,0.75,360,True,14,0.9,0.9,11,32
20,1e-05,20,0,0.01,0.003,0.75,360,True,14,0.9,0.9,11,32
21,1e-05,21,4,0.01,0.003,0.75,360,True,14,0.9,0.9,11,32
22,1e-05,22,1,0.01,0.003,0.75,360,True,14,0.9,0.9,11,32
23,1e-05,23,5,0.01,0.003,0.75,360,True,14,0.9,0.9,11,32
24,1e-05,24,6,0.01,0.003,0.75,360,True,14,0.9,0.9,11,32
25,1e-05,25,0,0.01,0.003,0.75,360,True,14,0.9,0.9,11,32
26,1e-05,26,4,0.01,0.003,0.75,360,True,14,0.9,0.9,11,32
27,1e-05,27,3,0.01,0.003,0.75,360,True,14,0.9,0.9,11,32
28,1e-05,28,1,0.01,0.003,0.75,360,True,14,0.9,0.9,11,32
29,1e-05,29,0,0.01,0.003,0.75,360,True,14,0.9,0.9,11,32
30,1e-05,30,0,0.01,0.003,0.75,360,True,14,0.9,0.9,11,32
31,1e-05,31,2,0.01,0.003,0.75,360,True,14,0.9,0.9,11,32
32,1e-05,32,2,0.01,0.003,0.75,360,True,14,0.9,0.9,11,32
33,1e-05,33,1,0.01,0.003,0.75,360,True,14,0.9,0.9,11,32
34,1e-05,34,4,0.01,0.003,0.75,360,True,14,0.9,0.9,11,32
35,1e-05,35,0,0.01,0.003,0.75,360,True,14,0.9,0.9,11,32
36,1e-05,36,5,0.01,0.003,0.75,360,True,14,0.9,0.9,11,32
37,1e-05,37,2,0.01,0.003,0.75,360,True,14,0.9,0.9,11,32
38,1e-05,38,1,0.01,0.003,0.75,360,True,14,0.9,0.9,11,32
39,1e-05,39,0,0.01,0.003,0.75,360,True,14,0.9,0.9,11,32
40,1e-05,40,2,0.01,0.003,0.75,360,True,14,0.9,0.9,11,32
41,1e-05,41,1,0.01,0.003,0.75,360,True,14,0.9,0.9,11,32
42,1e-05,42,2,0.01,0.003,0.75,360,True,14,0.9,0.9,11,32
43,1e-05,43,1,0.01,0.003,0.75,360,True,14,0.9,0.9,11,32
44,1e-05,44,2,0.01,0.003,0.75,360,True,14,0.9,0.9,11,32
45,1e-05,45,3,0.01,0.003,0.75,360,True,14,0.9,0.9,11,32
46,1e-05,46,3,0.01,0.003,0.75,360,True,14,0.9,0.9,11,32
47,1e-05,47,1,0.01,0.003,0.75,360,True,14,0.9,0.9,11,32
48,1e-05,48,2,0.01,0.003,0.75,360,True,14,0.9,0.9,11,32
49,1e-05,49,3,0.01,0.003,0.75,360,True,14,0.9,0.9,11,32
50,2e-05,50,0,0.01,0.003,0.75,360,True,14,0.9,0.9,11,32
51,2e-05,51,5,0.01,0.003,0.75,360,True,14,0.9,0.9,11,32
52,2e-05,52,1,0.01,0.003,0.75,360,True,14,0.9,0.9,11,32
53,2e-05,53,2,0.01,0.003,0.75,360,True,14,0.9,0.9,11,32
54,2e-05,54,4,0.01,0.003,0.75,360,True,14,0.9,0.9,11,32
55,2e-05,55,1,0.01,0.003,0.75,360,True,14,0.9,0.9,11,32
56,2e-05,56,4,0.01,0.003,0.75,360,True,14,0.9,0.9,11,32
57,2e-05,57,4,0.01,0.003,0.75,360,True,14,0.9,0.9,11,32
58,2e-05,58,2,0.01,0.003,0.75,360,True,14,0.9,0.9,11,32
59,2e-05,59,4,0.01,0.003,0.75,360,True,14,0.9,0.9,11,32
60,2e-05,60,2,0.01,0.003,0.75,360,True,14,0.9,0.9,11,32
61,2e-05,61,3,0.01,0.003,0.75,360,True,14,0.9,0.9,11,32
62,2e-05,62,3,0.01,0.003,0.75,360,True,14,0.9,0.9,11,32
63,2e-05,63,4,0.01,0.003,0.75,360,True,14,0.9,0.9,11,32
64,2e-05,64,2,0.01,0.003,0.75,360,True,14,0.9,0.9,11,32
65,2e-05,65,2,0.01,0.003,0.75,360,True,14,0.9,0.9,11,32
66,2e-05,66,1,0.01,0.003,0.75,360,True,14,0.9,0.9,11,32
67,2e-05,67,2,0.01,0.003,0.75,360,True,14,0.9,0.9,11,32
68,2e-05,68,2,0.01,0.003,0.75,360,True,14,0.9,0.9,11,32
69,2e-05,69,3,0.01,0.003,0.75,360,True,14,0.9,0.9,11,32
70,2e-05,70,2,0.01,0.003,0.75,360,True,14,0.9,0.9,11,32
71,2e-05,71,0,0.01,0.003,0.75,360,True,14,0.9,0.9,11,32
72,2e-05,72,0,0.01,0.003,0.75,360,True,14,0.9,0.9,11,32
73,2e-05,73,4,0.01,0.003,0.75,360,True,14,0.9,0.9,11,32
74,2e-05,74,0,0.01,0.003,0.75,360,True,14,0.9,0.9,11,32
75,2e-05,75,2,0.01,0.003,0.75,360,True,14,0.9,0.9,11,32
76,2e-05,76,2,0.01,0.003,0.75,360,True,14,0.9,0.9,11,32
77,2e-05,77,3,0.01,0.003,0.75,360,True,14,0.9,0.9,11,32
78,2e-05,78,4,0.01,0.003,0.75,360,True,14,0.9,0.9,11,32
79,2e-05,79,4,0.01,0.003,0.75,360,True,14,0.9,0.9,11,32
80,2e-05,80,4,0.01,0.003,0.75,360,True,14,0.9,0.9,11,32
81,2e-05,81,0,0.01,0.003,0.75,360,True,14,0.9,0.9,11,32
82,2e-05,82,3,0.01,0.003,0.75,360,True,14,0.9,0.9,11,32
83,2e-05,83,2,0.01,0.003,0.75,360,True,14,0.9,0.9,11,32
84,2e-05,84,3,0.01,0.003,0.75,360,True,14,0.9,0.9,11,32
85,2e-05,85,3,0.01,0.003,0.75,360,True,14,0.9,0.9,11,32
86,2e-05,86,0,0.01,0.003,0.75,360,True,14,0.9,0.9,11,32
87,2e-05,87,2,0.01,0.003,0.75,360,True,14,0.9,0.9,11,32
88,2e-05,88,1,0.01,0.003,0.75,360,True,14,0.9,0.9,11,32
89,2e-05,89,2,0.01,0.003,0.75,360,True,14,0.9,0.9,11,32
90,2e-05,90,2,0.01,0.003,0.75,360,True,14,0.9,0.9,11,32
91,2e-05,91,4,0.01,0.003,0.75,360,True,14,0.9,0.9,11,32
92,2e-05,92,5,0.01,0.003,0.75,360,True,14,0.9,0.9,11,32
93,2e-05,93,3,0.01,0.003,0.75,360,True,14,0.9,0.9,11,32
94,2e-05,94,0,0.01,0.003,0.75,360,True,14,0.9,0.9,11,32
95,2e-05,95,1,0.01,0.003,0.75,360,True,14,0.9,0.9,11,32
96,2e-05,96,4,0.01,0.003,0.75,360,True,14,0.9,0.9,11,32
97,2e-05,97,1,0.01,0.003,0.75,360,True,14,0.9,0.9,11,32
98,2e-05,98,3,0.01,0.003,0.75,360,True,14,0.9,0.9,11,32
99,2e-05,99,1,0.01,0.003,0.75,360,True,14,0.9,0.9,11,32
100,3.0000000000000004e-05,100,2,0.01,0.003,0.75,360,True,14,0.9,0.9,11,32
101,3.0000000000000004e-05,101,4,0.01,0.003,0.75,360,True,14,0.9,0.9,11,32
102,3.0000000000000004e-05,102,0,0.01,0.003,0.75,360,True,14,0.9,0.9,11,32
103,3.0000000000000004e-05,103,1,0.01,0.003,0.75,360,True,14,0.9,0.9,11,32
104,3.0000000000000004e-05,104,1,0.01,0.003,0.75,360,True,14,0.9,0.9,11,32
105,3.0000000000000004e-05,105,0,0.01,0.003,0.75,360,True,14,0.9,0.9,11,32
106,3.0000000000000004e-05,106,2,0.01,0.003,0.75,360,True,14,0.9,0.9,11,32
107,3.0000000000000004e-05,107,2,0.01,0.003,0.75,360,True,14,0.9,0.9,11,32
108,3.0000000000000004e-05,108,4,0.01,0.003,0.75,360,True,14,0.9,0.9,11,32
109,3.0000000000000004e-05,109,4,0.01,0.003,0.75,360,True,14,0.9,0.9,11,32
110,3.0000000000000004e-05,110,3,0.01,0.003,0.75,360,True,14,0.9,0.9,11,32
111,3.0000000000000004e-05,111,1,0.01,0.003,0.75,360,True,14,0.9,0.9,11,32
112,3.0000000000000004e-05,112,4,0.01,0.003,0.75,360,True,14,0.9,0.9,11,32
113,3.0000000000000004e-05,113,1,0.01,0.003,0.75,360,True,14,0.9,0.9,11,32
114,3.0000000000000004e-05,114,0,0.01,0.003,0.75,360,True,14,0.9,0.9,11,32
115,3.0000000000000004e-05,115,0,0.01,0.003,0.75,360,True,14,0.9,0.9,11,32
116,3.0000000000000004e-05,116,2,0.01,0.003,0.75,360,True,14,0.9,0.9,11,32
117,3.0000000000000004e-05,117,1,0.01,0.003,0.75,360,True,14,0.9,0.9,11,32
118,3.0000000000000004e-05,118,1,0.01,0.003,0.75,360,True,14,0.9,0.9,11,32
119,3.0000000000000004e-05,119,5,0.01,0.003,0.75,360,True,14,0.9,0.9,11,32
120,3.0000000000000004e-05,120,1,0.01,0.003,0.75,360,True,14,0.9,0.9,11,32
121,3.0000000000000004e-05,121,3,0.01,0.003,0.75,360,True,14,0.9,0.9,11,32
122,3.0000000000000004e-05,122,4,0.01,0.003,0.75,360,True,14,0.9,0.9,11,32
123,3.0000000000000004e-05,123,1,0.01,0.003,0.75,360,True,14,0.9,0.9,11,32
124,3.0000000000000004e-05,124,0,0.01,0.003,0.75,360,True,14,0.9,0.9,11,32
125,3.0000000000000004e-05,125,1,0.01,0.003,0.75,360,True,14,0.9,0.9,11,32
126,3.0000000000000004e-05,126,2,0.01,0.003,0.75,360,True,14,0.9,0.9,11,32
127,3.0000000000000004e-05,127,2,0.01,0.003,0.75,360,True,14,0.9,0.9,11,32
128,3.0000000000000004e-05,128,1,0.01,0.003,0.75,360,True,14,0.9,0.9,11,32
129,3.0000000000000004e-05,129,2,0.01,0.003,0.75,360,True,14,0.9,0.9,11,32
130,3.0000000000000004e-05,130,3,0.01,0.003,0.75,360,True,14,0.9,0.9,11,32
131,3.0000000000000004e-05,131,4,0.01,0.003,0.75,360,True,14,0.9,0.9,11,32
132,3.0000000000000004e-05,132,3,0.01,0.003,0.75,360,True,14,0.9,0.9,11,32
133,3.0000000000000004e-05,133,1,0.01,0.003,0.75,360,True,14,0.9,0.9,11,32
134,3.0000000000000004e-05,134,2,0.01,0.003,0.75,360,True,14,0.9,0.9,11,32
135,3.0000000000000004e-05,135,2,0.01,0.003,0.75,360,True,14,0.9,0.9,11,32
136,3.0000000000000004e-05,136,1,0.01,0.003,0.75,360,True,14,0.9,0.9,11,32
137,3.0000000000000004e-05,137,2,0.01,0.003,0.75,360,True,14,0.9,0.9,11,32
138,3.0000000000000004e-05,138,1,0.01,0.003,0.75,360,True,14,0.9,0.9,11,32
139,3.0000000000000004e-05,139,4,0.01,0.003,0.75,360,True,14,0.9,0.9,11,32
140,3.0000000000000004e-05,140,3,0.01,0.003,0.75,360,True,14,0.9,0.9,11,32
141,3.0000000000000004e-05,141,4,0.01,0.003,0.75,360,True,14,0.9,0.9,11,32
142,3.0000000000000004e-05,142,4,0.01,0.003,0.75,360,True,14,0.9,0.9,11,32
143,3.0000000000000004e-05,143,3,0.01,0.003,0.75,360,True,14,0.9,0.9,11,32
144,3.0000000000000004e-05,144,2,0.01,0.003,0.75,360,True,14,0.9,0.9,11,32
145,3.0000000000000004e-05,145,3,0.01,0.003,0.75,360,True,14,0.9,0.9,11,32
146,3.0000000000000004e-05,146,1,0.01,0.003,0.75,360,True,14,0.9,0.9,11,32
147,3.0000000000000004e-05,147,0,0.01,0.003,0.75,360,True,14,0.9,0.9,11,32
148,3.0000000000000004e-05,148,2,0.01,0.003,0.75,360,True,14,0.9,0.9,11,32
149,3.0000000000000004e-05,149,1,0.01,0.003,0.75,360,True,14,0.9,0.9,11,32
150,4e-05,150,2,0.01,0.003,0.75,360,True,14,0.9,0.9,11,32
151,4e-05,151,1,0.01,0.003,0.75,360,True,14,0.9,0.9,11,32
152,4e-05,152,0,0.01,0.003,0.75,360,True,14,0.9,0.9,11,32
153,4e-05,153,2,0.01,0.003,0.75,360,True,14,0.9,0.9,11,32
154,4e-05,154,1,0.01,0.003,0.75,360,True,14,0.9,0.9,11,32
155,4e-05,155,2,0.01,0.003,0.75,360,True,14,0.9,0.9,11,32
156,4e-05,156,5,0.01,0.003,0.75,360,True,14,0.9,0.9,11,32
157,4e-05,157,4,0.01,0.003,0.75,360,True,14,0.9,0.9,11,32
158,4e-05,158,2,0.01,0.003,0.75,360,True,14,0.9,0.9,11,32
159,4e-05,159,0,0.01,0.003,0.75,360,True,14,0.9,0.9,11,32
160,4e-05,160,3,0.01,0.003,0.75,360,True,14,0.9,0.9,11,32
161,4e-05,161,4,0.01,0.003,0.75,360,True,14,0.9,0.9,11,32
162,4e-05,162,3,0.01,0.003,0.75,360,True,14,0.9,0.9,11,32
163,4e-05,163,2,0.01,0.003,0.75,360,True,14,0.9,0.9,11,32
164,4e-05,164,1,0.01,0.003,0.75,360,True,14,0.9,0.9,11,32
165,4e-05,165,4,0.01,0.003,0.75,360,True,14,0.9,0.9,11,32
166,4e-05,166,5,0.01,0.003,0.75,360,True,14,0.9,0.9,11,32
167,4e-05,167,3,0.01,0.003,0.75,360,True,14,0.9,0.9,11,32
168,4e-05,168,0,0.01,0.003,0.75,360,True,14,0.9,0.9,11,32
169,4e-05,169,3,0.01,0.003,0.75,360,True,14,0.9,0.9,11,32
170,4e-05,170,2,0.01,0.003,0.75,360,True,14,0.9,0.9,11,32
171,4e-05,171,2,0.01,0.003,0.75,360,True,14,0.9,0.9,11,32
172,4e-05,172,3,0.01,0.003,0.75,360,True,14,0.9,0.9,11,32
173,4e-05,173,1,0.01,0.003,0.75,360,True,14,0.9,0.9,11,32
174,4e-05,174,2,0.01,0.003,0.75,360,True,14,0.9,0.9,11,32
175,4e-05,175,2,0.01,0.003,0.75,360,True,14,0.9,0.9,11,32
176,4e-05,176,2,0.01,0.003,0.75,360,True,14,0.9,0.9,11,32
177,4e-05,177,5,0.01,0.003,0.75,360,True,14,0.9,0.9,11,32
178,4e-05,178,0,0.01,0.003,0.75,360,True,14,0.9,0.9,11,32
179,4e-05,179,0,0.01,0.003,0.75,360,True,14,0.9,0.9,11,32
180,4e-05,180,0,0.01,0.003,0.75,360,True,14,0.9,0.9,11,32
181,4e-05,181,3,0.01,0.003,0.75,360,True,14,0.9,0.9,11,32
182,4e-05,182,1,0.01,0.003,0.75,360,True,14,0.9,0.9,11,32
183,4e-05,183,1,0.01,0.003,0.75,360,True,14,0.9,0.9,11,32
184,4e-05,184,0,0.01,0.003,0.75,360,True,14,0.9,0.9,11,32
185,4e-05,185,4,0.01,0.003,0.75,360,True,14,0.9,0.9,11,32
186,4e-05,186,3,0.01,0.003,0.75,360,True,14,0.9,0.9,11,32
187,4e-05,187,1,0.01,0.003,0.75,360,True,14,0.9,0.9,11,32
188,4e-05,188,4,0.01,0.003,0.75,360,True,14,0.9,0.9,11,32
189,4e-05,189,1,0.01,0.003,0.75,360,True,14,0.9,0.9,11,32
190,4e-05,190,3,0.01,0.003,0.75,360,True,14,0.9,0.9,11,32
191,4e-05,191,3,0.01,0.003,0.75,360,True,14,0.9,0.9,11,32
192,4e-05,192,3,0.01,0.003,0.75,360,True,14,0.9,0.9,11,32
193,4e-05,193,4,0.01,0.003,0.75,360,True,14,0.9,0.9,11,32
194,4e-05,194,0,0.01,0.003,0.75,360,True,14,0.9,0.9,11,32
195,4e-05,195,1,0.01,0.003,0.75,360,True,14,0.9,0.9,11,32
196,4e-05,196,2,0.01,0.003,0.75,360,True,14,0.9,0.9,11,32
197,4e-05,197,2,0.01,0.003,0.75,360,True,14,0.9,0.9,11,32
198,4e-05,198,2,0.01,0.003,0.75,360,True,14,0.9,0.9,11,32
199,4e-05,199,3,0.01,0.003,0.75,360,True,14,0.9,0.9,11,32
200,5e-05,200,3,0.01,0.003,0.75,360,True,14,0.9,0.9,11,32
201,5e-05,201,1,0.01,0.003,0.75,360,True,14,0.9,0.9,11,32
202,5e-05,202,1,0.01,0.003,0.75,360,True,14,0.9,0.9,11,32
203,5e-05,203,2,0.01,0.003,0.75,360,True,14,0.9,0.9,11,32
204,5e-05,204,1,0.01,0.003,0.75,360,True,14,0.9,0.9,11,32
205,5e-05,205,2,0.01,0.003,0.75,360,True,14,0.9,0.9,11,32
206,5e-05,206,4,0.01,0.003,0.75,360,True,14,0.9,0.9,11,32
207,5e-05,207,1,0.01,0.003,0.75,360,True,14,0.9,0.9,11,32
208,5e-05,208,5,0.01,0.003,0.75,360,True,14,0.9,0.9,11,32
209,5e-05,209,2,0.01,0.003,0.75,360,True,14,0.9,0.9,11,32
210,5e-05,210,4,0.01,0.003,0.75,360,True,14,0.9,0.9,11,32
211,5e-05,211,0,0.01,0.003,0.75,360,True,14,0.9,0.9,11,32
212,5e-05,212,3,0.01,0.003,0.75,360,True,14,0.9,0.9,11,32
213,5e-05,213,4,0.01,0.003,0.75,360,True,14,0.9,0.9,11,32
214,5e-05,214,2,0.01,0.003,0.75,360,True,14,0.9,0.9,11,32
215,5e-05,215,1,0.01,0.003,0.75,360,True,14,0.9,0.9,11,32
216,5e-05,216,1,0.01,0.003,0.75,360,True,14,0.9,0.9,11,32
217,5e-05,217,2,0.01,0.003,0.75,360,True,14,0.9,0.9,11,32
218,5e-05,218,3,0.01,0.003,0.75,360,True,14,0.9,0.9,11,32
219,5e-05,219,3,0.01,0.003,0.75,360,True,14,0.9,0.9,11,32
220,5e-05,220,3,0.01,0.003,0.75,360,True,14,0.9,0.9,11,32
221,5e-05,221,1,0.01,0.003,0.75,360,True,14,0.9,0.9,11,32
222,5e-05,222,4,0.01,0.003,0.75,360,True,14,0.9,0.9,11,32
223,5e-05,223,2,0.01,0.003,0.75,360,True,14,0.9,0.9,11,32
224,5e-05,224,2,0.01,0.003,0.75,360,True,14,0.9,0.9,11,32
225,5e-05,225,2,0.01,0.003,0.75,360,True,14,0.9,0.9,11,32
226,5e-05,226,5,0.01,0.003,0.75,360,True,14,0.9,0.9,11,32
227,5e-05,227,5,0.01,0.003,0.75,360,True,14,0.9,0.9,11,32
228,5e-05,228,6,0.01,0.003,0.75,360,True,14,0.9,0.9,11,32
229,5e-05,229,3,0.01,0.003,0.75,360,True,14,0.9,0.9,11,32
230,5e-05,230,1,0.01,0.003,0.75,360,True,14,0.9,0.9,11,32
231,5e-05,231,3,0.01,0.003,0.75,360,True,14,0.9,0.9,11,32
232,5e-05,232,1,0.01,0.003,0.75,360,True,14,0.9,0.9,11,32
233,5e-05,233,3,0.01,0.003,0.75,360,True,14,0.9,0.9,11,32
234,5e-05,234,3,0.01,0.003,0.75,360,True,14,0.9,0.9,11,32
235,5e-05,235,5,0.01,0.003,0.75,360,True,14,0.9,0.9,11,32
236,5e-05,236,2,0.01,0.003,0.75,360,True,14,0.9,0.9,11,32
237,5e-05,237,2,0.01,0.003,0.75,360,True,14,0.9,0.9,11,32
238,5e-05,238,2,0.01,0.003,0.75,360,True,14,0.9,0.9,11,32
239,5e-05,239,1,0.01,0.003,0.75,360,True,14,0.9,0.9,11,32
240,5e-05,240,2,0.01,0.003,0.75,360,True,14,0.9,0.9,11,32
241,5e-05,241,4,0.01,0.003,0.75,360,True,14,0.9,0.9,11,32
242,5e-05,242,2,0.01,0.003,0.75,360,True,14,0.9,0.9,11,32
243,5e-05,243,5,0.01,0.003,0.75,360,True,14,0.9,0.9,11,32
244,5e-05,244,0,0.01,0.003,0.75,360,True,14,0.9,0.9,11,32
245,5e-05,245,3,0.01,0.003,0.75,360,True,14,0.9,0.9,11,32
246,5e-05,246,1,0.01,0.003,0.75,360,True,14,0.9,0.9,11,32
247,5e-05,247,0,0.01,0.003,0.75,360,True,14,0.9,0.9,11,32
248,5e-05,248,4,0.01,0.003,0.75,360,True,14,0.9,0.9,11,32
249,5e-05,249,3,0.01,0.003,0.75,360,True,14,0.9,0.9,11,32
250,6.000000000000001e-05,250,3,0.01,0.003,0.75,360,True,14,0.9,0.9,11,32
251,6.000000000000001e-05,251,2,0.01,0.003,0.75,360,True,14,0.9,0.9,11,32
252,6.000000000000001e-05,252,3,0.01,0.003,0.75,360,True,14,0.9,0.9,11,32
253,6.000000000000001e-05,253,0,0.01,0.003,0.75,360,True,14,0.9,0.9,11,32
254,6.000000000000001e-05,254,1,0.01,0.003,0.75,360,True,14,0.9,0.9,11,32
255,6.000000000000001e-05,255,3,0.01,0.003,0.75,360,True,14,0.9,0.9,11,32
256,6.000000000000001e-05,256,3,0.01,0.003,0.75,360,True,14,0.9,0.9,11,32
257,6.000000000000001e-05,257,1,0.01,0.003,0.75,360,True,14,0.9,0.9,11,32
258,6.000000000000001e-05,258,4,0.01,0.003,0.75,360,True,14,0.9,0.9,11,32
259,6.000000000000001e-05,259,3,0.01,0.003,0.75,360,True,14,0.9,0.9,11,32
260,6.000000000000001e-05,260,4,0.01,0.003,0.75,360,True,14,0.9,0.9,11,32
261,6.000000000000001e-05,261,4,0.01,0.003,0.75,360,True,14,0.9,0.9,11,32
262,6.000000000000001e-05,262,2,0.01,0.003,0.75,360,True,14,0.9,0.9,11,32
263,6.000000000000001e-05,263,3,0.01,0.003,0.75,360,True,14,0.9,0.9,11,32
264,6.000000000000001e-05,264,0,0.01,0.003,0.75,360,True,14,0.9,0.9,11,32
265,6.000000000000001e-05,265,4,0.01,0.003,0.75,360,True,14,0.9,0.9,11,32
266,6.000000000000001e-05,266,2,0.01,0.003,0.75,360,True,14,0.9,0.9,11,32
267,6.000000000000001e-05,267,3,0.01,0.003,0.75,360,True,14,0.9,0.9,11,32
268,6.000000000000001e-05,268,0,0.01,0.003,0.75,360,True,14,0.9,0.9,11,32
269,6.000000000000001e-05,269,3,0.01,0.003,0.75,360,True,14,0.9,0.9,11,32
270,6.000000000000001e-05,270,3,0.01,0.003,0.75,360,True,14,0.9,0.9,11,32
271,6.000000000000001e-05,271,4,0.01,0.003,0.75,360,True,14,0.9,0.9,11,32
272,6.000000000000001e-05,272,3,0.01,0.003,0.75,360,True,14,0.9,0.9,11,32
273,6.000000000000001e-05,273,1,0.01,0.003,0.75,360,True,14,0.9,0.9,11,32
274,6.000000000000001e-05,274,3,0.01,0.003,0.75,360,True,14,0.9,0.9,11,32
275,6.000000000000001e-05,275,2,0.01,0.003,0.75,360,True,14,0.9,0.9,11,32
276,6.000000000000001e-05,276,5,0.01,0.003,0.75,360,True,14,0.9,0.9,11,32
277,6.000000000000001e-05,277,3,0.01,0.003,0.75,360,True,14,0.9,0.9,11,32
278,6.000000000000001e-05,278,4,0.01,0.003,0.75,360,True,14,0.9,0.9,11,32
279,6.000000000000001e-05,279,1,0.01,0.003,0.75,360,True,14,0.9,0.9,11,32
280,6.000000000000001e-05,280,0,0.01,0.003,0.75,360,True,14,0.9,0.9,11,32
281,6.000000000000001e-05,281,3,0.01,0.003,0.75,360,True,14,0.9,0.9,11,32
282,6.000000000000001e-05,282,3,0.01,0.003,0.75,360,True,14,0.9,0.9,11,32
283,6.000000000000001e-05,283,4,0.01,0.003,0.75,360,True,14,0.9,0.9,11,32
284,6.000000000000001e-05,284,3,0.01,0.003,0.75,360,True,14,0.9,0.9,11,32
285,6.000000000000001e-05,285,2,0.01,0.003,0.75,360,True,14,0.9,0.9,11,32
286,6.000000000000001e-05,286,2,0.01,0.003,0.75,360,True,14,0.9,0.9,11,32
287,6.000000000000001e-05,287,1,0.01,0.003,0.75,360,True,14,0.9,0.9,11,32
288,6.000000000000001e-05,288,2,0.01,0.003,0.75,360,True,14,0.9,0.9,11,32
289,6.000000000000001e-05,289,3,0.01,0.003,0.75,360,True,14,0.9,0.9,11,32
290,6.000000000000001e-05,290,0,0.01,0.003,0.75,360,True,14,0.9,0.9,11,32
291,6.000000000000001e-05,291,2,0.01,0.003,0.75,360,True,14,0.9,0.9,11,32
292,6.000000000000001e-05,292,3,0.01,0.003,0.75,360,True,14,0.9,0.9,11,32
293,6.000000000000001e-05,293,3,0.01,0.003,0.75,360,True,14,0.9,0.9,11,32
294,6.000000000000001e-05,294,4,0.01,0.003,0.75,360,True,14,0.9,0.9,11,32
295,6.000000000000001e-05,295,1,0.01,0.003,0.75,360,True,14,0.9,0.9,11,32
296,6.000000000000001e-05,296,0,0.01,0.003,0.75,360,True,14,0.9,0.9,11,32
297,6.000000000000001e-05,297,2,0.01,0.003,0.75,360,True,14,0.9,0.9,11,32
298,6.000000000000001e-05,298,3,0.01,0.003,0.75,360,True,14,0.9,0.9,11,32
299,6.000000000000001e-05,299,2,0.01,0.003,0.75,360,True,14,0.9,0.9,11,32
300,7.000000000000001e-05,300,4,0.01,0.003,0.75,360,True,14,0.9,0.9,11,32
301,7.000000000000001e-05,301,1,0.01,0.003,0.75,360,True,14,0.9,0.9,11,32
302,7.000000000000001e-05,302,2,0.01,0.003,0.75,360,True,14,0.9,0.9,11,32
303,7.000000000000001e-05,303,2,0.01,0.003,0.75,360,True,14,0.9,0.9,11,32
304,7.000000000000001e-05,304,4,0.01,0.003,0.75,360,True,14,0.9,0.9,11,32
305,7.000000000000001e-05,305,0,0.01,0.003,0.75,360,True,14,0.9,0.9,11,32
306,7.000000000000001e-05,306,5,0.01,0.003,0.75,360,True,14,0.9,0.9,11,32
307,7.000000000000001e-05,307,2,0.01,0.003,0.75,360,True,14,0.9,0.9,11,32
308,7.000000000000001e-05,308,1,0.01,0.003,0.75,360,True,14,0.9,0.9,11,32
309,7.000000000000001e-05,309,5,0.01,0.003,0.75,360,True,14,0.9,0.9,11,32
310,7.000000000000001e-05,310,5,0.01,0.003,0.75,360,True,14,0.9,0.9,11,32
311,7.000000000000001e-05,311,3,0.01,0.003,0.75,360,True,14,0.9,0.9,11,32
312,7.000000000000001e-05,312,2,0.01,0.003,0.75,360,True,14,0.9,0.9,11,32
313,7.000000000000001e-05,313,2,0.01,0.003,0.75,360,True,14,0.9,0.9,11,32
314,7.000000000000001e-05,314,2,0.01,0.003,0.75,360,True,14,0.9,0.9,11,32
315,7.000000000000001e-05,315,1,0.01,0.003,0.75,360,True,14,0.9,0.9,11,32
316,7.000000000000001e-05,316,4,0.01,0.003,0.75,360,True,14,0.9,0.9,11,32
317,7.000000000000001e-05,317,3,0.01,0.003,0.75,360,True,14,0.9,0.9,11,32
318,7.000000000000001e-05,318,3,0.01,0.003,0.75,360,True,14,0.9,0.9,11,32
319,7.000000000000001e-05,319,3,0.01,0.003,0.75,360,True,14,0.9,0.9,11,32
320,7.000000000000001e-05,320,3,0.01,0.003,0.75,360,True,14,0.9,0.9,11,32
321,7.000000000000001e-05,321,3,0.01,0.003,0.75,360,True,14,0.9,0.9,11,32
322,7.000000000000001e-05,322,2,0.01,0.003,0.75,360,True,14,0.9,0.9,11,32
323,7.000000000000001e-05,323,0,0.01,0.003,0.75,360,True,14,0.9,0.9,11,32
324,7.000000000000001e-05,324,1,0.01,0.003,0.75,360,True,14,0.9,0.9,11,32
325,7.000000000000001e-05,325,1,0.01,0.003,0.75,360,True,14,0.9,0.9,11,32
326,7.000000000000001e-05,326,2,0.01,0.003,0.75,360,True,14,0.9,0.9,11,32
327,7.000000000000001e-05,327,1,0.01,0.003,0.75,360,True,14,0.9,0.9,11,32
328,7.000000000000001e-05,328,3,0.01,0.003,0.75,360,True,14,0.9,0.9,11,32
329,7.000000000000001e-05,329,3,0.01,0.003,0.75,360,True,14,0.9,0.9,11,32
330,7.000000000000001e-05,330,5,0.01,0.003,0.75,360,True,14,0.9,0.9,11,32
331,7.000000000000001e-05,331,2,0.01,0.003,0.75,360,True,14,0.9,0.9,11,32
332,7.000000000000001e-05,332,2,0.01,0.003,0.75,360,True,14,0.9,0.9,11,32
333,7.000000000000001e-05,333,4,0.01,0.003,0.75,360,True,14,0.9,0.9,11,32
334,7.000000000000001e-05,334,4,0.01,0.003,0.75,360,True,14,0.9,0.9,11,32
335,7.000000000000001e-05,335,2,0.01,0.003,0.75,360,True,14,0.9,0.9,11,32
336,7.000000000000001e-05,336,2,0.01,0.003,0.75,360,True,14,0.9,0.9,11,32
337,7.000000000000001e-05,337,2,0.01,0.003,0.75,360,True,14,0.9,0.9,11,32
338,7.000000000000001e-05,338,3,0.01,0.003,0.75,360,True,14,0.9,0.9,11,32
339,7.000000000000001e-05,339,3,0.01,0.003,0.75,360,True,14,0.9,0.9,11,32
340,7.000000000000001e-05,340,2,0.01,0.003,0.75,360,True,14,0.9,0.9,11,32
341,7.000000000000001e-05,341,7,0.01,0.003,0.75,360,True,14,0.9,0.9,11,32
342,7.000000000000001e-05,342,4,0.01,0.003,0.75,360,True,14,0.9,0.9,11,32
343,7.000000000000001e-05,343,1,0.01,0.003,0.75,360,True,14,0.9,0.9,11,32
344,7.000000000000001e-05,344,3,0.01,0.003,0.75,360,True,14,0.9,0.9,11,32
345,7.000000000000001e-05,345,5,0.01,0.003,0.75,360,True,14,0.9,0.9,11,32
346,7.000000000000001e-05,346,2,0.01,0.003,0.75,360,True,14,0.9,0.9,11,32
347,7.000000000000001e-05,347,6,0.01,0.003,0.75,360,True,14,0.9,0.9,11,32
348,7.000000000000001e-05,348,0,0.01,0.003,0.75,360,True,14,0.9,0.9,11,32
349,7.000000000000001e-05,349,5,0.01,0.003,0.75,360,True,14,0.9,0.9,11,32
350,8e-05,350,0,0.01,0.003,0.75,360,True,14,0.9,0.9,11,32
351,8e-05,351,2,0.01,0.003,0.75,360,True,14,0.9,0.9,11,32
352,8e-05,352,3,0.01,0.003,0.75,360,True,14,0.9,0.9,11,32
353,8e-05,353,5,0.01,0.003,0.75,360,True,14,0.9,0.9,11,32
354,8e-05,354,4,0.01,0.003,0.75,360,True,14,0.9,0.9,11,32
355,8e-05,355,1,0.01,0.003,0.75,360,True,14,0.9,0.9,11,32
356,8e-05,356,1,0.01,0.003,0.75,360,True,14,0.9,0.9,11,32
357,8e-05,357,4,0.01,0.003,0.75,360,True,14,0.9,0.9,11,32
358,8e-05,358,2,0.01,0.003,0.75,360,True,14,0.9,0.9,11,32
359,8e-05,359,2,0.01,0.003,0.75,360,True,14,0.9,0.9,11,32
360,8e-05,360,2,0.01,0.003,0.75,360,True,14,0.9,0.9,11,32
361,8e-05,361,0,0.01,0.003,0.75,360,True,14,0.9,0.9,11,32
362,8e-05,362,4,0.01,0.003,0.75,360,True,14,0.9,0.9,11,32
363,8e-05,363,1,0.01,0.003,0.75,360,True,14,0.9,0.9,11,32
364,8e-05,364,3,0.01,0.003,0.75,360,True,14,0.9,0.9,11,32
365,8e-05,365,1,0.01,0.003,0.75,360,True,14,0.9,0.9,11,32
366,8e-05,366,2,0.01,0.003,0.75,360,True,14,0.9,0.9,11,32
367,8e-05,367,3,0.01,0.003,0.75,360,True,14,0.9,0.9,11,32
368,8e-05,368,2,0.01,0.003,0.75,360,True,14,0.9,0.9,11,32
369,8e-05,369,4,0.01,0.003,0.75,360,True,14,0.9,0.9,11,32
370,8e-05,370,2,0.01,0.003,0.75,360,True,14,0.9,0.9,11,32
371,8e-05,371,2,0.01,0.003,0.75,360,True,14,0.9,0.9,11,32
372,8e-05,372,2,0.01,0.003,0.75,360,True,14,0.9,0.9,11,32
373,8e-05,373,1,0.01,0.003,0.75,360,True,14,0.9,0.9,11,32
374,8e-05,374,2,0.01,0.003,0.75,360,True,14,0.9,0.9,11,32
375,8e-05,375,4,0.01,0.003,0.75,360,True,14,0.9,0.9,11,32
376,8e-05,376,4,0.01,0.003,0.75,360,True,14,0.9,0.9,11,32
377,8e-05,377,1,0.01,0.003,0.75,360,True,14,0.9,0.9,11,32
378,8e-05,378,1,0.01,0.003,0.75,360,True,14,0.9,0.9,11,32
379,8e-05,379,2,0.01,0.003,0.75,360,True,14,0.9,0.9,11,32
380,8e-05,380,1,0.01,0.003,0.75,360,True,14,0.9,0.9,11,32
381,8e-05,381,3,0.01,0.003,0.75,360,True,14,0.9,0.9,11,32
382,8e-05,382,5,0.01,0.003,0.75,360,True,14,0.9,0.9,11,32
383,8e-05,383,2,0.01,0.003,0.75,360,True,14,0.9,0.9,11,32
384,8e-05,384,0,0.01,0.003,0.75,360,True,14,0.9,0.9,11,32
385,8e-05,385,1,0.01,0.003,0.75,360,True,14,0.9,0.9,11,32
386,8e-05,386,2,0.01,0.003,0.75,360,True,14,0.9,0.9,11,32
387,8e-05,387,1,0.01,0.003,0.75,360,True,14,0.9,0.9,11,32
388,8e-05,388,2,0.01,0.003,0.75,360,True,14,0.9,0.9,11,32
389,8e-05,389,4,0.01,0.003,0.75,360,True,14,0.9,0.9,11,32
390,8e-05,390,0,0.01,0.003,0.75,360,True,14,0.9,0.9,11,32
391,8e-05,391,2,0.01,0.003,0.75,360,True,14,0.9,0.9,11,32
392,8e-05,392,4,0.01,0.003,0.75,360,True,14,0.9,0.9,11,32
393,8e-05,393,4,0.01,0.003,0.75,360,True,14,0.9,0.9,11,32
394,8e-05,394,4,0.01,0.003,0.75,360,True,14,0.9,0.9,11,32
395,8e-05,395,2,0.01,0.003,0.75,360,True,14,0.9,0.9,11,32
396,8e-05,396,2,0.01,0.003,0.75,360,True,14,0.9,0.9,11,32
397,8e-05,397,4,0.01,0.003,0.75,360,True,14,0.9,0.9,11,32
398,8e-05,398,3,0.01,0.003,0.75,360,True,14,0.9,0.9,11,32
399,8e-05,399,2,0.01,0.003,0.75,360,True,14,0.9,0.9,11,32
400,9e-05,400,0,0.01,0.003,0.75,360,True,14,0.9,0.9,11,32
401,9e-05,401,5,0.01,0.003,0.75,360,True,14,0.9,0.9,11,32
402,9e-05,402,4,0.01,0.003,0.75,360,True,14,0.9,0.9,11,32
403,9e-05,403,2,0.01,0.003,0.75,360,True,14,0.9,0.9,11,32
404,9e-05,404,1,0.01,0.003,0.75,360,True,14,0.9,0.9,11,32
405,9e-05,405,3,0.01,0.003,0.75,360,True,14,0.9,0.9,11,32
406,9e-05,406,3,0.01,0.003,0.75,360,True,14,0.9,0.9,11,32
407,9e-05,407,8,0.01,0.003,0.75,360,True,14,0.9,0.9,11,32
408,9e-05,408,1,0.01,0.003,0.75,360,True,14,0.9,0.9,11,32
409,9e-05,409,2,0.01,0.003,0.75,360,True,14,0.9,0.9,11,32
410,9e-05,410,3,0.01,0.003,0.75,360,True,14,0.9,0.9,11,32
411,9e-05,411,1,0.01,0.003,0.75,360,True,14,0.9,0.9,11,32
412,9e-05,412,3,0.01,0.003,0.75,360,True,14,0.9,0.9,11,32
413,9e-05,413,5,0.01,0.003,0.75,360,True,14,0.9,0.9,11,32
414,9e-05,414,2,0.01,0.003,0.75,360,True,14,0.9,0.9,11,32
415,9e-05,415,2,0.01,0.003,0.75,360,True,14,0.9,0.9,11,32
416,9e-05,416,2,0.01,0.003,0.75,360,True,14,0.9,0.9,11,32
417,9e-05,417,1,0.01,0.003,0.75,360,True,14,0.9,0.9,11,32
418,9e-05,418,2,0.01,0.003,0.75,360,True,14,0.9,0.9,11,32
419,9e-05,419,5,0.01,0.003,0.75,360,True,14,0.9,0.9,11,32
420,9e-05,420,4,0.01,0.003,0.75,360,True,14,0.9,0.9,11,32
421,9e-05,421,0,0.01,0.003,0.75,360,True,14,0.9,0.9,11,32
422,9e-05,422,4,0.01,0.003,0.75,360,True,14,0.9,0.9,11,32
423,9e-05,423,1,0.01,0.003,0.75,360,True,14,0.9,0.9,11,32
424,9e-05,424,4,0.01,0.003,0.75,360,True,14,0.9,0.9,11,32
425,9e-05,425,4,0.01,0.003,0.75,360,True,14,0.9,0.9,11,32
426,9e-05,426,1,0.01,0.003,0.75,360,True,14,0.9,0.9,11,32
427,9e-05,427,2,0.01,0.003,0.75,360,True,14,0.9,0.9,11,32
428,9e-05,428,3,0.01,0.003,0.75,360,True,14,0.9,0.9,11,32
429,9e-05,429,2,0.01,0.003,0.75,360,True,14,0.9,0.9,11,32
430,9e-05,430,1,0.01,0.003,0.75,360,True,14,0.9,0.9,11,32
431,9e-05,431,3,0.01,0.003,0.75,360,True,14,0.9,0.9,11,32
432,9e-05,432,3,0.01,0.003,0.75,360,True,14,0.9,0.9,11,32
433,9e-05,433,2,0.01,0.003,0.75,360,True,14,0.9,0.9,11,32
434,9e-05,434,2,0.01,0.003,0.75,360,True,14,0.9,0.9,11,32
435,9e-05,435,2,0.01,0.003,0.75,360,True,14,0.9,0.9,11,32
436,9e-05,436,2,0.01,0.003,0.75,360,True,14,0.9,0.9,11,32
437,9e-05,437,0,0.01,0.003,0.75,360,True,14,0.9,0.9,11,32
438,9e-05,438,4,0.01,0.003,0.75,360,True,14,0.9,0.9,11,32
439,9e-05,439,3,0.01,0.003,0.75,360,True,14,0.9,0.9,11,32
440,9e-05,440,2,0.01,0.003,0.75,360,True,14,0.9,0.9,11,32
441,9e-05,441,4,0.01,0.003,0.75,360,True,14,0.9,0.9,11,32
442,9e-05,442,3,0.01,0.003,0.75,360,True,14,0.9,0.9,11,32
443,9e-05,443,4,0.01,0.003,0.75,360,True,14,0.9,0.9,11,32
444,9e-05,444,3,0.01,0.003,0.75,360,True,14,0.9,0.9,11,32
445,9e-05,445,4,0.01,0.003,0.75,360,True,14,0.9,0.9,11,32
446,9e-05,446,3,0.01,0.003,0.75,360,True,14,0.9,0.9,11,32
447,9e-05,447,2,0.01,0.003,0.75,360,True,14,0.9,0.9,11,32
448,9e-05,448,4,0.01,0.003,0.75,360,True,14,0.9,0.9,11,32
449,9e-05,449,2,0.01,0.003,0.75,360,True,14,0.9,0.9,11,32
450,0.0001,450,1,0.01,0.003,0.75,360,True,14,0.9,0.9,11,32
451,0.0001,451,2,0.01,0.003,0.75,360,True,14,0.9,0.9,11,32
452,0.0001,452,2,0.01,0.003,0.75,360,True,14,0.9,0.9,11,32
453,0.0001,453,5,0.01,0.003,0.75,360,True,14,0.9,0.9,11,32
454,0.0001,454,1,0.01,0.003,0.75,360,True,14,0.9,0.9,11,32
455,0.0001,455,4,0.01,0.003,0.75,360,True,14,0.9,0.9,11,32
456,0.0001,456,2,0.01,0.003,0.75,360,True,14,0.9,0.9,11,32
457,0.0001,457,2,0.01,0.003,0.75,360,True,14,0.9,0.9,11,32
458,0.0001,458,3,0.01,0.003,0.75,360,True,14,0.9,0.9,11,32
459,0.0001,459,4,0.01,0.003,0.75,360,True,14,0.9,0.9,11,32
460,0.0001,460,2,0.01,0.003,0.75,360,True,14,0.9,0.9,11,32
461,0.0001,461,4,0.01,0.003,0.75,360,True,14,0.9,0.9,11,32
462,0.0001,462,5,0.01,0.003,0.75,360,True,14,0.9,0.9,11,32
463,0.0001,463,3,0.01,0.003,0.75,360,True,14,0.9,0.9,11,32
464,0.0001,464,2,0.01,0.003,0.75,360,True,14,0.9,0.9,11,32
465,0.0001,465,3,0.01,0.003,0.75,360,True,14,0.9,0.9,11,32
466,0.0001,466,5,0.01,0.003,0.75,360,True,14,0.9,0.9,11,32
467,0.0001,467,6,0.01,0.003,0.75,360,True,14,0.9,0.9,11,32
468,0.0001,468,2,0.01,0.003,0.75,360,True,14,0.9,0.9,11,32
469,0.0001,469,3,0.01,0.003,0.75,360,True,14,0.9,0.9,11,32
470,0.0001,470,2,0.01,0.003,0.75,360,True,14,0.9,0.9,11,32
471,0.0001,471,2,0.01,0.003,0.75,360,True,14,0.9,0.9,11,32
472,0.0001,472,1,0.01,0.003,0.75,360,True,14,0.9,0.9,11,32
473,0.0001,473,0,0.01,0.003,0.75,360,True,14,0.9,0.9,11,32
474,0.0001,474,6,0.01,0.003,0.75,360,True,14,0.9,0.9,11,32
475,0.0001,475,2,0.01,0.003,0.75,360,True,14,0.9,0.9,11,32
476,0.0001,476,2,0.01,0.003,0.75,360,True,14,0.9,0.9,11,32
477,0.0001,477,4,0.01,0.003,0.75,360,True,14,0.9,0.9,11,32
478,0.0001,478,3,0.01,0.003,0.75,360,True,14,0.9,0.9,11,32
479,0.0001,479,2,0.01,0.003,0.75,360,True,14,0.9,0.9,11,32
480,0.0001,480,3,0.01,0.003,0.75,360,True,14,0.9,0.9,11,32
481,0.0001,481,4,0.01,0.003,0.75,360,True,14,0.9,0.9,11,32
482,0.0001,482,0,0.01,0.003,0.75,360,True,14,0.9,0.9,11,32
483,0.0001,483,3,0.01,0.003,0.75,360,True,14,0.9,0.9,11,32
484,0.0001,484,3,0.01,0.003,0.75,360,True,14,0.9,0.9,11,32
485,0.0001,485,2,0.01,0.003,0.75,360,True,14,0.9,0.9,11,32
486,0.0001,486,2,0.01,0.003,0.75,360,True,14,0.9,0.9,11,32
487,0.0001,487,1,0.01,0.003,0.75,360,True,14,0.9,0.9,11,32
488,0.0001,488,5,0.01,0.003,0.75,360,True,14,0.9,0.9,11,32
489,0.0001,489,2,0.01,0.003,0.75,360,True,14,0.9,0.9,11,32
490,0.0001,490,3,0.01,0.003,0.75,360,True,14,0.9,0.9,11,32
491,0.0001,491,0,0.01,0.003,0.75,360,True,14,0.9,0.9,11,32
492,0.0001,492,3,0.01,0.003,0.75,360,True,14,0.9,0.9,11,32
493,0.0001,493,2,0.01,0.003,0.75,360,True,14,0.9,0.9,11,32
494,0.0001,494,4,0.01,0.003,0.75,360,True,14,0.9,0.9,11,32
495,0.0001,495,2,0.01,0.003,0.75,360,True,14,0.9,0.9,11,32
496,0.0001,496,3,0.01,0.003,0.75,360,True,14,0.9,0.9,11,32
497,0.0001,497,1,0.01,0.003,0.75,360,True,14,0.9,0.9,11,32
498,0.0001,498,3,0.01,0.003,0.75,360,True,14,0.9,0.9,11,32
499,0.0001,499,3,0.01,0.003,0.75,360,True,14,0.9,0.9,11,32
