,prob_transmission,Clean30,Clean60,Clean90,Clean180
0,0.086408436,"[0, 0, 0, 31, 2, 1, 3, 2, 2, 1, 2, 1, 2, 2, 3, 2, 2, 1, 3]","[0, 0, 0, 0, 0, 0, 0, 0, 0, 0, 0, 0, 0, 0, 0, 0, 0, 0, 0]","[0, 0, 0, 0, 0, 0, 0, 0, 0, 0, 0, 0, 0, 0, 0, 0, 0, 0, 0]","[0, 0, 0, 0, 0, 0, 0, 0, 0, 0, 0, 0, 0, 0, 0, 0, 0, 0, 0]"
1,0.091078013,"[0, 0, 0, 31, 2, 2, 2, 2, 2, 1, 2, 1, 2, 3, 2, 2, 2, 1, 3]","[0, 0, 0, 31, 2, 2, 2, 2, 2, 1, 2, 1, 2, 3, 2, 2, 2, 2, 2]","[0, 0, 0, 32, 6, 6, 6, 6, 6, 6, 7, 6, 6, 6, 6, 6, 6, 6, 7]","[0, 0, 0, 0, 0, 0, 0, 0, 0, 0, 0, 0, 0, 0, 0, 0, 0, 0, 0]"
2,0.088532048,"[0, 0, 0, 0, 0, 0, 0, 0, 0, 0, 0, 0, 0, 0, 0, 0, 0, 0, 0]","[0, 0, 0, 31, 2, 2, 2, 2, 2, 1, 2, 1, 2, 3, 2, 2, 2, 1, 3]","[0, 0, 0, 33, 6, 6, 6, 6, 6, 6, 6, 6, 6, 6, 7, 6, 6, 7, 6]","[0, 0, 0, 32, 4, 3, 5, 4, 4, 3, 5, 3, 4, 5, 4, 4, 4, 4, 4]"
3,0.087153243,"[0, 0, 0, 0, 0, 0, 0, 0, 0, 0, 0, 31, 2, 2, 2, 2, 2, 2, 2]","[0, 0, 0, 31, 2, 1, 3, 2, 2, 1, 2, 1, 2, 3, 2, 2, 2, 2, 2]","[0, 0, 0, 0, 0, 0, 0, 0, 0, 30, 3, 1, 2, 2, 2, 2, 2, 2, 2]","[0, 0, 0, 0, 0, 0, 0, 0, 0, 0, 0, 0, 0, 0, 0, 0, 0, 0, 0]"
4,0.081158183,"[0, 0, 0, 0, 0, 0, 0, 0, 0, 0, 0, 0, 0, 0, 0, 0, 0, 0, 0]","[0, 0, 0, 0, 0, 32, 4, 4, 4, 4, 4, 4, 4, 4, 4, 4, 4, 4, 4]","[0, 0, 0, 31, 2, 1, 2, 3, 2, 1, 2, 1, 2, 2, 2, 3, 2, 1, 2]","[0, 0, 0, 0, 0, 0, 0, 0, 0, 0, 0, 0, 0, 0, 0, 0, 0, 0, 0]"
5,0.085665274,"[0, 0, 0, 0, 0, 0, 0, 0, 0, 0, 0, 0, 0, 0, 0, 0, 0, 0, 0]","[0, 0, 0, 31, 2, 1, 3, 2, 2, 1, 2, 1, 2, 2, 3, 2, 2, 1, 2]","[0, 0, 0, 31, 2, 2, 2, 2, 2, 1, 2, 1, 2, 2, 3, 2, 2, 1, 2]","[0, 0, 0, 0, 0, 29, 4, 2, 2, 1, 2, 1, 2, 3, 2, 2, 2, 1, 3]"
6,0.086289154,"[0, 0, 0, 0, 0, 0, 0, 0, 0, 0, 0, 0, 0, 0, 0, 0, 0, 0, 0]","[0, 0, 0, 0, 0, 0, 0, 0, 0, 0, 0, 0, 0, 0, 0, 0, 0, 0, 0]","[0, 0, 0, 0, 0, 0, 0, 0, 0, 0, 0, 0, 0, 0, 0, 0, 0, 0, 0]","[0, 0, 0, 31, 2, 1, 2, 3, 2, 1, 2, 1, 2, 2, 2, 3, 2, 1, 3]"
7,0.083256465,"[0, 0, 0, 0, 0, 0, 0, 0, 0, 0, 0, 33, 6, 6, 6, 8, 7, 5, 7]","[0, 0, 0, 31, 2, 2, 2, 2, 2, 1, 2, 1, 2, 2, 2, 3, 2, 1, 2]","[0, 0, 0, 0, 0, 33, 8, 8, 8, 8, 8, 10, 8, 8, 8, 8, 8, 8, 9]","[0, 0, 0, 33, 6, 6, 6, 6, 6, 6, 6, 6, 6, 6, 7, 6, 6, 6, 7]"
8,0.081667851,"[0, 0, 0, 0, 0, 32, 4, 4, 4, 4, 4, 4, 4, 4, 4, 4, 4, 4, 5]","[0, 0, 0, 0, 0, 0, 0, 0, 0, 0, 0, 0, 0, 0, 0, 0, 0, 0, 0]","[0, 0, 0, 32, 4, 4, 4, 4, 4, 4, 4, 3, 4, 5, 4, 4, 4, 4, 4]","[0, 0, 0, 32, 4, 4, 4, 4, 4, 4, 4, 3, 4, 5, 4, 4, 4, 4, 4]"
9,0.087043308,"[0, 0, 0, 0, 0, 0, 0, 0, 0, 0, 0, 0, 0, 0, 0, 0, 0, 0, 0]","[0, 0, 0, 0, 0, 0, 0, 0, 0, 0, 0, 0, 0, 0, 0, 0, 0, 0, 0]","[0, 0, 0, 0, 0, 0, 0, 0, 0, 0, 0, 0, 0, 0, 0, 0, 0, 0, 0]","[0, 0, 0, 0, 0, 0, 0, 0, 0, 0, 0, 0, 0, 0, 0, 0, 0, 0, 0]"
10,0.085455964,"[0, 0, 0, 0, 0, 0, 0, 0, 0, 0, 0, 32, 4, 4, 4, 5, 4, 4, 4]","[0, 0, 0, 30, 5, 4, 4, 4, 4, 4, 4, 3, 4, 5, 4, 4, 4, 4, 4]","[0, 0, 0, 0, 0, 0, 0, 0, 0, 0, 0, 0, 0, 0, 0, 0, 0, 0, 0]","[0, 0, 0, 0, 0, 0, 0, 0, 0, 0, 0, 0, 0, 0, 0, 0, 0, 0, 0]"
11,0.088857285,"[0, 0, 0, 31, 2, 2, 2, 2, 2, 1, 2, 1, 2, 2, 3, 2, 2, 1, 3]","[0, 0, 0, 0, 0, 0, 0, 0, 0, 0, 0, 0, 0, 0, 0, 0, 0, 0, 0]","[0, 0, 0, 0, 0, 31, 2, 2, 2, 1, 2, 2, 2, 2, 2, 2, 2, 2, 2]","[0, 0, 0, 31, 6, 7, 6, 6, 6, 6, 6, 6, 6, 6, 7, 6, 6, 7, 6]"
12,0.087816953,"[0, 0, 0, 32, 4, 4, 4, 4, 4, 4, 4, 4, 4, 4, 4, 4, 4, 4, 4]","[0, 0, 0, 32, 4, 4, 4, 4, 4, 4, 4, 4, 4, 4, 4, 4, 4, 4, 5]","[0, 0, 0, 32, 4, 4, 4, 4, 4, 4, 4, 4, 4, 4, 4, 4, 4, 4, 5]","[0, 0, 0, 0, 0, 0, 0, 0, 0, 0, 0, 0, 0, 0, 0, 0, 0, 0, 0]"
13,0.089993843,"[0, 0, 0, 30, 6, 4, 4, 4, 4, 4, 4, 4, 4, 4, 4, 4, 4, 4, 4]","[0, 0, 0, 31, 2, 2, 2, 2, 2, 1, 2, 1, 2, 3, 2, 2, 2, 2, 2]","[0, 0, 0, 31, 2, 1, 3, 2, 2, 1, 2, 1, 2, 2, 3, 2, 2, 1, 2]","[0, 0, 0, 31, 2, 1, 3, 2, 2, 1, 2, 1, 2, 3, 2, 2, 2, 1, 3]"
14,0.085919908,"[0, 0, 0, 0, 0, 0, 0, 0, 0, 0, 0, 0, 0, 0, 0, 0, 0, 0, 0]","[0, 0, 0, 0, 0, 31, 2, 2, 2, 1, 3, 1, 2, 2, 2, 2, 2, 2, 2]","[0, 0, 0, 31, 2, 1, 3, 2, 2, 1, 2, 1, 2, 2, 2, 3, 2, 1, 2]","[0, 0, 0, 31, 2, 2, 2, 2, 2, 1, 2, 1, 2, 3, 2, 2, 2, 2, 2]"
15,0.088704726,"[0, 0, 0, 0, 0, 31, 2, 2, 2, 1, 3, 1, 2, 2, 2, 2, 2, 2, 2]","[0, 0, 0, 0, 0, 0, 0, 0, 0, 0, 0, 0, 0, 0, 0, 0, 0, 0, 0]","[0, 0, 0, 0, 0, 0, 0, 0, 0, 30, 3, 1, 2, 2, 2, 2, 2, 2, 2]","[0, 0, 0, 0, 0, 0, 0, 0, 0, 0, 0, 0, 0, 0, 0, 0, 0, 0, 0]"
16,0.089283326,"[0, 0, 0, 0, 0, 0, 0, 0, 0, 0, 0, 0, 0, 0, 0, 0, 0, 0, 0]","[0, 0, 0, 31, 2, 1, 3, 2, 2, 1, 2, 1, 2, 2, 3, 1, 3, 1, 2]","[0, 0, 0, 0, 0, 32, 7, 6, 6, 6, 6, 6, 6, 6, 7, 5, 7, 6, 6]","[0, 0, 0, 33, 6, 6, 6, 6, 6, 6, 6, 6, 6, 6, 8, 6, 6, 6, 6]"
17,0.088106674,"[0, 0, 0, 0, 0, 31, 2, 2, 2, 1, 2, 2, 2, 2, 2, 2, 2, 2, 2]","[0, 0, 0, 0, 0, 31, 2, 2, 2, 2, 2, 1, 2, 2, 2, 2, 2, 2, 2]","[0, 0, 0, 0, 0, 0, 0, 0, 0, 0, 0, 0, 0, 0, 0, 0, 0, 0, 0]","[0, 0, 0, 34, 8, 8, 9, 8, 8, 8, 9, 8, 8, 8, 9, 8, 8, 9, 9]"
18,0.088391392,"[0, 0, 0, 0, 0, 0, 0, 0, 0, 30, 2, 1, 3, 2, 2, 2, 2, 2, 2]","[0, 0, 0, 32, 4, 4, 4, 4, 4, 4, 4, 4, 4, 4, 4, 4, 4, 4, 5]","[0, 0, 0, 0, 0, 0, 0, 0, 0, 0, 0, 0, 0, 0, 0, 0, 0, 0, 0]","[0, 0, 0, 0, 0, 0, 0, 0, 0, 0, 0, 0, 0, 0, 0, 0, 0, 0, 0]"
19,0.080026398,"[0, 0, 0, 32, 4, 3, 5, 4, 4, 3, 5, 3, 4, 4, 5, 4, 4, 4, 4]","[0, 0, 0, 0, 0, 0, 0, 0, 0, 0, 0, 0, 0, 0, 0, 0, 0, 0, 0]","[0, 0, 0, 0, 0, 32, 4, 5, 4, 3, 5, 3, 4, 4, 5, 4, 4, 4, 4]","[0, 0, 0, 0, 0, 0, 0, 0, 0, 30, 2, 2, 2, 2, 2, 2, 2, 2, 2]"
20,0.087489746,"[0, 0, 0, 0, 0, 0, 0, 0, 0, 0, 0, 0, 0, 0, 0, 0, 0, 0, 0]","[0, 0, 0, 33, 6, 6, 7, 6, 6, 6, 6, 6, 6, 6, 6, 7, 6, 6, 6]","[0, 0, 0, 31, 2, 1, 3, 2, 2, 1, 2, 1, 2, 2, 2, 3, 2, 1, 2]","[0, 0, 0, 0, 0, 31, 2, 2, 2, 2, 2, 1, 2, 2, 2, 2, 2, 2, 2]"
21,0.093004566,"[0, 0, 0, 31, 2, 2, 2, 2, 2, 1, 2, 1, 2, 2, 3, 2, 2, 1, 3]","[0, 0, 0, 0, 0, 0, 0, 0, 0, 0, 0, 0, 0, 0, 0, 0, 0, 0, 0]","[0, 0, 0, 0, 0, 0, 0, 0, 0, 0, 0, 0, 0, 0, 0, 0, 0, 0, 0]","[0, 0, 0, 31, 2, 2, 2, 2, 2, 1, 2, 1, 2, 3, 2, 2, 2, 2, 2]"
22,0.087129488,"[0, 0, 0, 0, 0, 31, 2, 2, 2, 1, 3, 1, 2, 2, 2, 2, 2, 2, 2]","[0, 0, 0, 30, 6, 6, 8, 6, 6, 6, 6, 6, 6, 6, 6, 6, 6, 6, 8]","[0, 0, 0, 31, 2, 2, 2, 2, 2, 1, 2, 1, 2, 3, 2, 2, 2, 2, 2]","[0, 0, 0, 31, 2, 1, 3, 2, 2, 1, 2, 1, 2, 2, 3, 2, 2, 1, 3]"
23,0.080433696,"[0, 0, 0, 0, 0, 0, 0, 0, 0, 0, 0, 0, 0, 0, 0, 0, 0, 0, 0]","[0, 0, 0, 0, 0, 0, 0, 0, 0, 0, 0, 0, 0, 0, 0, 0, 0, 0, 0]","[0, 0, 0, 0, 0, 31, 2, 2, 2, 1, 3, 1, 2, 2, 2, 2, 2, 2, 2]","[0, 0, 0, 31, 2, 2, 2, 2, 2, 1, 2, 1, 2, 3, 2, 2, 2, 2, 1]"
24,0.088173376,"[0, 0, 0, 32, 4, 3, 5, 3, 5, 3, 5, 3, 4, 4, 5, 4, 4, 4, 4]","[0, 0, 0, 0, 0, 0, 0, 0, 0, 0, 0, 0, 0, 0, 0, 0, 0, 0, 0]","[0, 0, 0, 32, 4, 3, 5, 4, 4, 3, 5, 3, 4, 4, 5, 4, 4, 4, 4]","[0, 0, 0, 32, 4, 4, 4, 4, 4, 4, 4, 3, 4, 5, 4, 4, 4, 4, 4]"
25,0.083928414,"[0, 0, 0, 0, 0, 0, 0, 0, 0, 0, 0, 0, 0, 0, 0, 0, 0, 0, 0]","[0, 0, 0, 0, 0, 0, 0, 0, 0, 0, 0, 0, 0, 0, 0, 0, 0, 0, 0]","[0, 0, 0, 0, 0, 0, 0, 0, 0, 0, 0, 0, 0, 0, 0, 0, 0, 0, 0]","[0, 0, 0, 0, 0, 35, 8, 8, 8, 8, 9, 8, 8, 9, 8, 8, 8, 8, 10]"
26,0.087622166,"[0, 0, 0, 34, 8, 8, 9, 8, 8, 8, 8, 8, 8, 9, 8, 9, 8, 9, 8]","[0, 0, 0, 31, 2, 2, 2, 2, 2, 1, 2, 1, 2, 2, 3, 2, 2, 2, 1]","[0, 0, 0, 31, 2, 1, 3, 2, 2, 1, 2, 1, 2, 3, 2, 2, 2, 1, 2]","[0, 0, 0, 32, 4, 4, 4, 4, 4, 4, 4, 4, 4, 4, 4, 4, 4, 4, 5]"
27,0.088318262,"[0, 0, 0, 0, 0, 0, 0, 0, 0, 0, 0, 0, 0, 0, 0, 0, 0, 0, 0]","[0, 0, 0, 0, 0, 0, 0, 0, 0, 30, 2, 1, 3, 2, 2, 2, 2, 2, 2]","[0, 0, 0, 34, 8, 8, 8, 8, 8, 8, 9, 9, 8, 8, 8, 8, 8, 8, 9]","[0, 0, 0, 0, 0, 0, 0, 0, 0, 0, 0, 0, 0, 0, 0, 0, 0, 0, 0]"
28,0.091440698,"[0, 0, 0, 0, 0, 32, 4, 4, 4, 4, 4, 4, 4, 4, 4, 4, 4, 4, 4]","[0, 0, 0, 31, 2, 2, 2, 2, 2, 1, 2, 1, 2, 3, 2, 2, 2, 2, 2]","[0, 0, 0, 0, 0, 0, 0, 0, 0, 32, 4, 4, 4, 4, 4, 4, 4, 4, 4]","[0, 0, 0, 33, 6, 5, 7, 6, 6, 6, 6, 6, 6, 6, 7, 6, 6, 6, 7]"
29,0.083636233,"[0, 0, 0, 0, 0, 0, 0, 0, 0, 0, 0, 0, 0, 0, 0, 0, 0, 0, 0]","[0, 0, 0, 0, 0, 0, 0, 0, 0, 30, 2, 2, 2, 2, 2, 2, 2, 2, 2]","[0, 0, 0, 0, 0, 0, 0, 0, 0, 0, 0, 0, 0, 0, 0, 0, 0, 0, 0]","[0, 0, 0, 31, 2, 2, 2, 2, 2, 1, 2, 1, 2, 3, 2, 2, 2, 1, 2]"
30,0.081797815,"[0, 0, 0, 0, 0, 0, 0, 0, 0, 0, 0, 0, 0, 0, 0, 0, 0, 0, 0]","[0, 0, 0, 0, 0, 0, 0, 0, 0, 0, 0, 0, 0, 0, 0, 0, 0, 0, 0]","[0, 0, 0, 33, 6, 6, 6, 6, 6, 6, 6, 6, 6, 6, 7, 6, 6, 7, 6]","[0, 0, 0, 0, 0, 0, 0, 0, 0, 0, 0, 0, 0, 0, 0, 0, 0, 0, 0]"
31,0.086703763,"[0, 0, 0, 31, 2, 1, 3, 2, 2, 1, 2, 1, 2, 2, 3, 2, 2, 1, 3]","[0, 0, 0, 0, 0, 0, 0, 0, 0, 0, 0, 0, 0, 0, 0, 0, 0, 0, 0]","[0, 0, 0, 31, 2, 1, 3, 2, 2, 1, 2, 1, 2, 3, 2, 2, 2, 2, 2]","[0, 0, 0, 0, 0, 0, 0, 0, 0, 0, 0, 0, 0, 0, 0, 0, 0, 0, 0]"
32,0.086879108,"[0, 0, 0, 31, 2, 1, 3, 2, 2, 1, 2, 1, 2, 2, 3, 2, 2, 1, 2]","[0, 0, 0, 0, 0, 0, 0, 0, 0, 0, 0, 0, 0, 0, 0, 0, 0, 0, 0]","[0, 0, 0, 31, 2, 2, 2, 2, 2, 1, 2, 1, 2, 3, 2, 2, 2, 2, 2]","[0, 0, 0, 0, 0, 0, 0, 0, 0, 30, 3, 1, 2, 2, 2, 2, 2, 2, 2]"
33,0.087879324,"[0, 0, 0, 0, 0, 0, 0, 0, 0, 0, 0, 0, 0, 0, 0, 0, 0, 0, 0]","[0, 0, 0, 0, 0, 0, 0, 0, 0, 0, 0, 0, 0, 0, 0, 0, 0, 0, 0]","[0, 0, 0, 0, 0, 0, 0, 0, 0, 0, 0, 0, 0, 0, 0, 0, 0, 0, 0]","[0, 0, 0, 31, 2, 2, 1, 3, 2, 1, 2, 1, 2, 3, 2, 2, 2, 2, 2]"
34,0.08949366,"[0, 0, 0, 15, 20, 6, 6, 6, 6, 6, 6, 7, 6, 6, 6, 6, 6, 6, 7]","[0, 0, 0, 0, 0, 31, 4, 5, 4, 3, 5, 3, 4, 5, 4, 4, 4, 4, 4]","[0, 0, 0, 0, 0, 0, 0, 0, 0, 0, 0, 0, 0, 0, 0, 0, 0, 0, 0]","[0, 0, 0, 0, 0, 0, 0, 0, 0, 0, 0, 0, 0, 0, 0, 0, 0, 0, 0]"
35,0.081128497,"[0, 0, 0, 32, 6, 6, 6, 6, 6, 6, 7, 6, 6, 6, 6, 6, 6, 6, 8]","[0, 0, 0, 35, 10, 10, 10, 10, 10, 10, 11, 11, 10, 10, 10, 11, 10, 11, 10]","[0, 0, 0, 32, 4, 3, 5, 4, 4, 3, 5, 3, 4, 4, 5, 4, 4, 4, 4]","[0, 0, 0, 0, 0, 0, 0, 0, 0, 0, 0, 0, 0, 0, 0, 0, 0, 0, 0]"
36,0.086769929,"[0, 0, 0, 0, 0, 0, 0, 0, 0, 0, 0, 0, 0, 0, 0, 0, 0, 0, 0]","[0, 0, 0, 32, 4, 4, 4, 4, 4, 4, 4, 3, 4, 5, 4, 4, 4, 4, 4]","[0, 0, 0, 0, 0, 0, 0, 0, 0, 0, 0, 0, 0, 0, 0, 0, 0, 0, 0]","[0, 0, 0, 0, 0, 31, 2, 2, 2, 1, 3, 1, 2, 2, 2, 2, 2, 2, 2]"
37,0.085634131,"[0, 0, 0, 0, 0, 0, 0, 0, 0, 0, 0, 0, 0, 0, 0, 0, 0, 0, 0]","[0, 0, 0, 0, 0, 0, 0, 0, 0, 0, 0, 32, 4, 4, 4, 5, 4, 4, 4]","[0, 0, 0, 0, 0, 0, 0, 0, 0, 0, 0, 0, 0, 0, 0, 0, 0, 0, 0]","[0, 0, 0, 0, 0, 0, 0, 0, 0, 0, 0, 0, 0, 0, 0, 0, 0, 0, 0]"
38,0.088258795,"[0, 0, 0, 0, 0, 0, 0, 0, 0, 0, 0, 0, 0, 0, 0, 0, 0, 0, 0]","[0, 0, 0, 0, 0, 0, 0, 0, 0, 30, 2, 2, 2, 2, 2, 2, 2, 2, 2]","[0, 0, 0, 31, 2, 2, 2, 2, 2, 1, 2, 1, 2, 2, 3, 2, 2, 1, 2]","[0, 0, 0, 0, 0, 0, 0, 0, 0, 0, 0, 0, 0, 0, 0, 0, 0, 0, 0]"
39,0.07941572,"[0, 0, 0, 0, 0, 0, 0, 0, 0, 0, 0, 0, 0, 0, 0, 0, 0, 0, 0]","[0, 0, 0, 0, 0, 0, 0, 0, 0, 0, 0, 0, 0, 0, 0, 0, 0, 0, 0]","[0, 0, 0, 0, 0, 31, 2, 2, 2, 1, 2, 2, 2, 2, 2, 2, 2, 2, 2]","[0, 0, 0, 32, 4, 4, 4, 4, 4, 4, 4, 4, 4, 4, 4, 4, 4, 4, 4]"
40,0.084680586,"[0, 0, 0, 0, 0, 0, 0, 0, 0, 0, 0, 0, 0, 0, 0, 0, 0, 0, 0]","[0, 0, 0, 31, 2, 1, 3, 2, 2, 1, 2, 1, 2, 2, 2, 3, 2, 1, 3]","[0, 0, 0, 0, 0, 0, 0, 0, 0, 0, 0, 0, 0, 0, 0, 0, 0, 0, 0]","[0, 0, 0, 0, 0, 34, 8, 8, 8, 8, 8, 8, 8, 9, 9, 8, 8, 9, 8]"
41,0.082312718,"[0, 0, 0, 0, 0, 32, 5, 4, 4, 3, 5, 3, 4, 4, 5, 4, 4, 4, 4]","[0, 0, 0, 0, 0, 32, 4, 4, 4, 4, 4, 4, 4, 4, 4, 4, 4, 4, 5]","[0, 0, 0, 0, 0, 33, 6, 6, 6, 6, 6, 6, 6, 6, 7, 7, 6, 6, 6]","[0, 0, 0, 0, 0, 0, 0, 0, 0, 0, 0, 0, 0, 0, 0, 0, 0, 0, 0]"
42,0.084043546,"[0, 0, 0, 32, 4, 4, 4, 4, 4, 4, 4, 4, 4, 4, 4, 4, 4, 4, 5]","[0, 0, 0, 0, 0, 0, 0, 0, 0, 0, 0, 0, 0, 0, 0, 0, 0, 0, 0]","[0, 0, 0, 0, 0, 0, 0, 0, 0, 0, 0, 0, 0, 0, 0, 0, 0, 0, 0]","[0, 0, 0, 31, 2, 1, 3, 2, 2, 1, 2, 1, 2, 2, 3, 2, 2, 1, 3]"
43,0.080979016,"[0, 0, 0, 0, 0, 31, 2, 2, 2, 1, 2, 2, 2, 2, 2, 2, 2, 2, 2]","[0, 0, 0, 0, 0, 0, 0, 0, 0, 0, 0, 13, 18, 2, 3, 2, 2, 1, 2]","[0, 0, 0, 30, 3, 1, 3, 2, 2, 1, 2, 1, 2, 3, 2, 2, 2, 2, 2]","[0, 0, 0, 0, 0, 0, 0, 0, 0, 0, 0, 0, 0, 0, 0, 0, 0, 0, 0]"
44,0.089237525,"[0, 0, 0, 32, 4, 4, 4, 4, 4, 4, 4, 4, 4, 4, 4, 4, 4, 4, 4]","[0, 0, 0, 33, 6, 6, 5, 7, 6, 6, 6, 6, 6, 6, 7, 6, 6, 6, 7]","[0, 0, 0, 0, 0, 0, 0, 0, 0, 0, 0, 0, 0, 0, 0, 0, 0, 0, 0]","[0, 0, 0, 0, 0, 0, 0, 0, 0, 0, 0, 0, 0, 0, 0, 0, 0, 0, 0]"
45,0.084816137,"[0, 0, 0, 31, 2, 1, 3, 2, 2, 1, 2, 1, 2, 2, 2, 2, 2, 2, 2]","[0, 0, 0, 31, 4, 4, 4, 4, 4, 4, 4, 4, 4, 4, 4, 4, 4, 4, 4]","[0, 0, 0, 31, 2, 2, 2, 2, 2, 1, 2, 1, 2, 2, 3, 2, 2, 1, 3]","[0, 0, 0, 0, 0, 0, 0, 0, 0, 0, 0, 31, 2, 2, 2, 2, 2, 2, 2]"
46,0.087831499,"[0, 0, 0, 0, 0, 0, 0, 0, 0, 30, 3, 1, 2, 2, 2, 2, 2, 2, 2]","[0, 0, 0, 31, 2, 1, 3, 2, 2, 1, 2, 1, 2, 2, 2, 3, 2, 1, 2]","[0, 0, 0, 0, 0, 31, 2, 2, 2, 1, 2, 2, 2, 2, 2, 2, 2, 2, 2]","[0, 0, 0, 0, 0, 0, 0, 0, 0, 0, 0, 0, 0, 0, 0, 0, 0, 0, 0]"
47,0.08371611,"[0, 0, 0, 32, 4, 4, 4, 4, 4, 4, 4, 4, 4, 4, 4, 4, 4, 4, 4]","[0, 0, 0, 31, 2, 2, 2, 2, 2, 1, 2, 1, 2, 3, 2, 2, 2, 2, 2]","[0, 0, 0, 0, 0, 0, 0, 0, 0, 0, 0, 0, 0, 0, 0, 0, 0, 31, 2]","[0, 0, 0, 0, 0, 0, 0, 0, 0, 0, 0, 31, 2, 2, 2, 2, 2, 2, 2]"
48,0.079933414,"[0, 0, 0, 31, 2, 1, 2, 3, 2, 1, 2, 1, 2, 2, 2, 3, 2, 1, 2]","[0, 0, 0, 31, 2, 2, 2, 2, 2, 1, 2, 1, 2, 2, 3, 2, 2, 1, 3]","[0, 0, 0, 30, 2, 2, 2, 2, 2, 1, 3, 1, 2, 2, 2, 2, 2, 2, 2]","[0, 0, 0, 31, 2, 2, 2, 2, 2, 1, 2, 1, 2, 2, 3, 2, 2, 1, 3]"
49,0.08184798,"[0, 0, 0, 0, 0, 0, 0, 0, 0, 0, 0, 0, 0, 0, 0, 0, 0, 0, 0]","[0, 0, 0, 31, 4, 4, 4, 4, 4, 4, 4, 4, 4, 4, 4, 4, 4, 4, 5]","[0, 0, 0, 0, 0, 0, 0, 0, 0, 0, 0, 0, 0, 0, 0, 0, 0, 0, 0]","[0, 0, 0, 0, 0, 0, 0, 0, 0, 0, 0, 0, 0, 0, 0, 0, 0, 0, 0]"
50,0.079342716,"[0, 0, 0, 31, 2, 1, 2, 2, 2, 1, 3, 1, 2, 2, 2, 2, 2, 2, 2]","[0, 0, 0, 32, 6, 6, 6, 6, 6, 6, 6, 7, 6, 6, 6, 6, 6, 6, 7]","[0, 0, 0, 31, 2, 1, 3, 2, 2, 1, 2, 1, 2, 3, 2, 2, 2, 2, 2]","[0, 0, 0, 0, 0, 0, 0, 0, 0, 0, 0, 0, 0, 0, 0, 0, 0, 0, 0]"
51,0.08454274,"[0, 0, 0, 32, 4, 3, 5, 4, 4, 4, 4, 3, 4, 4, 5, 4, 4, 4, 4]","[0, 0, 0, 32, 4, 4, 4, 4, 4, 4, 4, 3, 4, 5, 4, 4, 4, 4, 4]","[0, 0, 0, 0, 0, 0, 0, 0, 0, 0, 0, 0, 0, 0, 0, 0, 0, 0, 0]","[0, 0, 0, 31, 2, 1, 2, 3, 2, 1, 2, 1, 2, 2, 3, 2, 2, 1, 3]"
52,0.086818533,"[0, 0, 0, 0, 0, 0, 0, 0, 0, 0, 0, 0, 0, 0, 0, 0, 0, 0, 0]","[0, 0, 0, 0, 0, 0, 0, 0, 0, 0, 0, 0, 0, 0, 0, 0, 0, 0, 0]","[0, 0, 0, 0, 0, 0, 0, 0, 0, 30, 2, 2, 2, 2, 2, 2, 2, 2, 2]","[0, 0, 0, 0, 0, 0, 0, 0, 0, 0, 0, 0, 0, 0, 0, 0, 0, 0, 0]"
53,0.088112156,"[0, 0, 0, 32, 4, 4, 4, 4, 4, 4, 4, 4, 4, 4, 4, 4, 4, 5, 4]","[0, 0, 0, 31, 2, 1, 3, 2, 2, 1, 2, 1, 2, 2, 3, 2, 2, 1, 2]","[0, 0, 0, 0, 0, 0, 0, 0, 0, 0, 0, 0, 0, 0, 0, 0, 0, 0, 0]","[0, 0, 0, 0, 0, 0, 0, 0, 0, 28, 5, 1, 2, 2, 2, 2, 2, 2, 2]"
54,0.084873272,"[0, 0, 0, 31, 2, 1, 3, 2, 2, 1, 2, 1, 2, 2, 3, 2, 2, 1, 3]","[0, 0, 0, 0, 0, 0, 0, 0, 0, 0, 0, 0, 0, 0, 0, 0, 0, 0, 0]","[0, 0, 0, 0, 0, 0, 0, 0, 0, 0, 0, 0, 0, 0, 0, 0, 0, 0, 0]","[0, 0, 0, 0, 0, 0, 0, 0, 0, 0, 0, 0, 0, 0, 0, 0, 0, 0, 0]"
55,0.085438184,"[0, 0, 0, 0, 0, 0, 0, 0, 0, 0, 0, 0, 0, 0, 0, 0, 0, 0, 0]","[0, 0, 0, 31, 2, 1, 3, 2, 2, 1, 2, 1, 2, 2, 2, 3, 2, 1, 2]","[0, 0, 0, 0, 0, 0, 0, 0, 0, 0, 0, 0, 0, 0, 0, 0, 0, 0, 0]","[0, 0, 0, 31, 2, 1, 2, 3, 2, 1, 2, 1, 2, 2, 3, 2, 2, 1, 2]"
56,0.079616242,"[0, 0, 0, 0, 0, 0, 0, 0, 0, 0, 0, 0, 0, 0, 0, 0, 0, 0, 0]","[0, 0, 0, 33, 6, 6, 6, 6, 6, 6, 6, 6, 6, 7, 6, 6, 6, 7, 6]","[0, 0, 0, 31, 2, 2, 1, 3, 2, 1, 2, 1, 2, 3, 2, 2, 2, 2, 2]","[0, 0, 0, 0, 0, 0, 0, 0, 0, 0, 0, 0, 0, 0, 0, 0, 0, 0, 0]"
57,0.085380579,"[0, 0, 0, 0, 0, 0, 0, 0, 0, 0, 0, 0, 0, 0, 0, 0, 0, 0, 0]","[0, 0, 0, 0, 0, 0, 0, 0, 0, 0, 0, 0, 0, 0, 0, 0, 0, 0, 0]","[0, 0, 0, 0, 0, 0, 0, 0, 0, 32, 4, 4, 4, 4, 4, 4, 4, 4, 4]","[0, 0, 0, 0, 0, 0, 0, 0, 0, 0, 0, 0, 0, 0, 0, 0, 0, 0, 0]"
58,0.086678397,"[0, 0, 0, 0, 0, 0, 0, 0, 0, 0, 0, 0, 0, 0, 0, 0, 0, 0, 0]","[0, 0, 0, 0, 0, 0, 0, 0, 0, 0, 0, 0, 0, 0, 0, 0, 0, 0, 0]","[0, 0, 0, 0, 0, 0, 0, 0, 0, 0, 0, 0, 0, 0, 0, 0, 0, 0, 0]","[0, 0, 0, 0, 0, 0, 0, 0, 0, 30, 2, 1, 3, 2, 2, 2, 2, 2, 2]"
59,0.088976973,"[0, 0, 0, 0, 0, 0, 0, 0, 0, 0, 0, 0, 0, 0, 0, 0, 0, 0, 0]","[0, 0, 0, 0, 0, 31, 2, 2, 2, 1, 2, 2, 2, 2, 2, 2, 2, 2, 2]","[0, 0, 0, 0, 0, 0, 0, 0, 0, 33, 6, 6, 6, 6, 7, 6, 7, 6, 6]","[0, 0, 0, 0, 0, 0, 0, 0, 0, 0, 0, 0, 0, 0, 0, 0, 0, 0, 0]"
60,0.083891521,"[0, 0, 0, 0, 0, 0, 0, 0, 0, 0, 0, 0, 0, 0, 0, 0, 0, 0, 0]","[0, 0, 0, 31, 2, 1, 3, 2, 2, 1, 2, 1, 2, 3, 1, 3, 2, 2, 2]","[0, 0, 0, 0, 0, 0, 0, 0, 0, 30, 2, 2, 2, 2, 2, 2, 2, 2, 2]","[0, 0, 0, 0, 0, 0, 0, 0, 0, 0, 0, 0, 0, 0, 0, 0, 0, 0, 0]"
61,0.085087091,"[0, 0, 0, 0, 0, 0, 0, 0, 0, 0, 0, 0, 0, 0, 0, 0, 0, 0, 0]","[0, 0, 0, 0, 0, 0, 0, 0, 0, 0, 0, 30, 3, 2, 2, 2, 2, 2, 2]","[0, 0, 0, 31, 2, 1, 3, 2, 2, 1, 2, 1, 2, 3, 2, 2, 2, 1, 2]","[0, 0, 0, 0, 0, 0, 0, 0, 0, 0, 0, 30, 2, 2, 2, 3, 2, 1, 2]"
62,0.085320564,"[0, 0, 0, 0, 0, 0, 0, 0, 0, 0, 0, 0, 0, 0, 0, 0, 0, 0, 0]","[0, 0, 0, 0, 0, 0, 0, 0, 0, 0, 0, 0, 0, 0, 0, 0, 0, 0, 0]","[0, 0, 0, 0, 0, 0, 0, 0, 0, 0, 0, 0, 0, 0, 0, 0, 0, 0, 0]","[0, 0, 0, 31, 2, 1, 3, 2, 2, 1, 2, 1, 2, 2, 3, 2, 2, 1, 3]"
63,0.079780874,"[0, 0, 0, 0, 0, 31, 2, 2, 2, 1, 2, 2, 2, 2, 2, 2, 2, 2, 2]","[0, 0, 0, 32, 4, 4, 4, 4, 4, 4, 4, 3, 4, 4, 5, 4, 4, 4, 4]","[0, 0, 0, 0, 0, 0, 0, 0, 0, 0, 0, 0, 0, 0, 0, 0, 0, 0, 0]","[0, 0, 0, 32, 4, 3, 4, 5, 4, 3, 5, 3, 4, 4, 5, 4, 4, 4, 4]"
64,0.085916791,"[0, 0, 0, 31, 2, 1, 2, 3, 2, 1, 2, 1, 2, 2, 3, 2, 2, 2, 2]","[0, 0, 0, 32, 4, 4, 4, 4, 4, 4, 4, 3, 4, 4, 5, 4, 4, 4, 4]","[0, 0, 0, 0, 0, 0, 0, 0, 0, 29, 3, 1, 3, 2, 2, 2, 2, 2, 2]","[0, 0, 0, 0, 0, 0, 0, 0, 0, 0, 0, 0, 0, 0, 0, 0, 0, 0, 0]"
65,0.082864161,"[0, 0, 0, 32, 4, 4, 3, 5, 4, 4, 4, 3, 4, 4, 5, 4, 4, 4, 4]","[0, 0, 0, 0, 0, 0, 0, 0, 0, 0, 0, 0, 0, 0, 0, 0, 0, 0, 0]","[0, 0, 0, 0, 0, 0, 0, 0, 0, 0, 0, 0, 0, 0, 0, 0, 0, 0, 0]","[0, 0, 0, 0, 0, 0, 0, 0, 0, 0, 0, 0, 0, 0, 0, 0, 0, 0, 0]"
66,0.087480449,"[0, 0, 0, 0, 0, 31, 2, 2, 2, 2, 1, 2, 2, 2, 2, 2, 2, 2, 2]","[0, 0, 0, 0, 0, 0, 0, 0, 0, 0, 0, 0, 0, 0, 0, 0, 0, 0, 0]","[0, 0, 0, 0, 0, 0, 0, 0, 0, 30, 2, 1, 2, 3, 2, 2, 2, 2, 2]","[0, 0, 0, 0, 0, 0, 0, 0, 0, 0, 0, 0, 0, 0, 0, 0, 0, 0, 0]"
67,0.085891169,"[0, 0, 0, 0, 0, 31, 2, 2, 2, 1, 3, 1, 2, 2, 2, 2, 2, 2, 2]","[0, 0, 0, 0, 0, 0, 0, 0, 0, 0, 0, 0, 0, 0, 0, 0, 0, 0, 0]","[0, 0, 0, 0, 0, 31, 2, 2, 2, 1, 3, 1, 2, 2, 2, 2, 2, 2, 2]","[0, 0, 0, 0, 0, 31, 2, 2, 2, 1, 2, 1, 3, 2, 2, 2, 2, 2, 2]"
68,0.090201345,"[0, 0, 0, 31, 2, 1, 3, 2, 2, 1, 2, 1, 2, 2, 3, 2, 2, 1, 2]","[0, 0, 0, 0, 0, 0, 0, 0, 0, 0, 0, 0, 0, 0, 0, 0, 0, 0, 0]","[0, 0, 0, 0, 0, 0, 0, 0, 0, 32, 4, 4, 3, 5, 4, 4, 4, 4, 4]","[0, 0, 0, 31, 2, 1, 3, 2, 2, 1, 2, 1, 2, 2, 3, 2, 2, 1, 3]"
69,0.083845264,"[0, 0, 0, 0, 0, 0, 0, 0, 0, 0, 0, 0, 0, 0, 0, 0, 0, 0, 0]","[0, 0, 0, 0, 0, 0, 0, 0, 0, 0, 0, 0, 0, 0, 0, 0, 0, 0, 0]","[0, 0, 0, 31, 2, 1, 3, 2, 2, 1, 2, 1, 2, 2, 3, 2, 2, 1, 2]","[0, 0, 0, 0, 0, 32, 4, 4, 4, 4, 4, 4, 4, 4, 4, 4, 4, 4, 5]"
70,0.086532614,"[0, 0, 0, 0, 0, 0, 0, 0, 0, 0, 0, 0, 0, 0, 0, 0, 0, 0, 0]","[0, 0, 0, 32, 4, 3, 5, 4, 4, 4, 4, 3, 4, 4, 5, 4, 4, 4, 4]","[0, 0, 0, 31, 2, 2, 2, 2, 2, 1, 2, 1, 2, 2, 3, 2, 2, 1, 3]","[0, 0, 0, 0, 0, 31, 7, 7, 6, 5, 7, 6, 6, 6, 6, 6, 6, 6, 7]"
71,0.091044574,"[0, 0, 0, 0, 0, 0, 0, 0, 0, 0, 0, 0, 0, 0, 0, 0, 0, 0, 0]","[0, 0, 0, 0, 0, 0, 0, 0, 0, 32, 4, 4, 4, 4, 4, 4, 4, 4, 5]","[0, 0, 0, 0, 0, 0, 0, 0, 0, 0, 0, 0, 0, 0, 0, 0, 0, 0, 0]","[0, 0, 0, 32, 4, 4, 4, 4, 4, 4, 4, 3, 4, 5, 4, 4, 4, 4, 4]"
72,0.078730365,"[0, 0, 0, 0, 0, 0, 0, 0, 0, 0, 0, 0, 0, 0, 0, 0, 0, 0, 0]","[0, 0, 0, 0, 0, 0, 0, 0, 0, 0, 0, 0, 0, 0, 0, 0, 0, 0, 0]","[0, 0, 0, 0, 0, 0, 0, 0, 0, 33, 6, 6, 6, 6, 6, 8, 6, 6, 6]","[0, 0, 0, 0, 0, 0, 0, 0, 0, 32, 4, 4, 4, 4, 4, 4, 4, 4, 4]"
73,0.087569182,"[0, 0, 0, 31, 2, 1, 3, 2, 2, 1, 2, 1, 2, 2, 3, 2, 2, 1, 2]","[0, 0, 0, 0, 0, 0, 0, 0, 0, 0, 0, 0, 0, 0, 0, 0, 0, 0, 0]","[0, 0, 0, 31, 4, 4, 4, 4, 4, 4, 4, 4, 4, 4, 4, 4, 4, 5, 4]","[0, 0, 0, 0, 0, 0, 0, 0, 0, 0, 0, 0, 0, 0, 0, 0, 0, 0, 0]"
74,0.087366392,"[0, 0, 0, 0, 0, 0, 0, 0, 0, 0, 0, 0, 0, 0, 0, 0, 0, 0, 0]","[0, 0, 0, 0, 0, 0, 0, 0, 0, 0, 0, 0, 0, 0, 0, 0, 0, 0, 0]","[0, 0, 0, 32, 4, 4, 4, 4, 4, 3, 5, 3, 4, 4, 5, 4, 4, 4, 4]","[0, 0, 0, 31, 2, 1, 3, 2, 2, 1, 2, 1, 2, 3, 2, 2, 2, 2, 2]"
75,0.08381101,"[0, 0, 0, 0, 0, 0, 0, 0, 0, 0, 0, 0, 0, 0, 0, 0, 0, 0, 0]","[0, 0, 0, 0, 0, 0, 0, 0, 0, 0, 0, 0, 0, 0, 0, 0, 0, 0, 0]","[0, 0, 0, 31, 2, 2, 2, 2, 2, 1, 2, 1, 2, 2, 3, 2, 2, 1, 3]","[0, 0, 0, 0, 0, 0, 0, 0, 0, 34, 8, 8, 8, 8, 9, 11, 8, 7, 8]"
76,0.090101747,"[0, 0, 0, 0, 0, 0, 0, 0, 0, 0, 0, 0, 0, 0, 0, 0, 0, 0, 0]","[0, 0, 0, 31, 2, 2, 2, 2, 2, 1, 2, 1, 2, 2, 2, 3, 2, 1, 3]","[0, 0, 0, 0, 0, 0, 0, 0, 0, 0, 0, 0, 0, 0, 0, 0, 0, 0, 0]","[0, 0, 0, 0, 0, 0, 0, 0, 0, 30, 2, 2, 2, 2, 2, 2, 2, 2, 2]"
77,0.093839226,"[0, 0, 0, 0, 0, 0, 0, 0, 0, 0, 0, 0, 0, 0, 0, 0, 0, 0, 0]","[0, 0, 0, 31, 2, 2, 2, 2, 2, 1, 2, 1, 2, 2, 2, 3, 2, 1, 2]","[0, 0, 0, 0, 0, 0, 0, 0, 0, 0, 0, 0, 0, 0, 0, 0, 0, 0, 0]","[0, 0, 0, 0, 0, 0, 0, 0, 0, 0, 0, 0, 0, 0, 0, 0, 0, 0, 0]"
78,0.083566993,"[0, 0, 0, 0, 0, 0, 0, 0, 0, 0, 0, 0, 0, 0, 0, 0, 0, 0, 0]","[0, 0, 0, 0, 0, 0, 0, 0, 0, 0, 0, 0, 0, 0, 0, 0, 0, 0, 0]","[0, 0, 0, 0, 0, 0, 0, 0, 0, 0, 0, 0, 0, 0, 0, 0, 0, 0, 0]","[0, 0, 0, 26, 7, 2, 2, 2, 2, 1, 2, 1, 2, 2, 3, 2, 2, 1, 3]"
79,0.088996792,"[0, 0, 0, 0, 0, 0, 0, 0, 0, 0, 0, 0, 0, 0, 0, 0, 0, 0, 0]","[0, 0, 0, 32, 4, 3, 4, 5, 4, 3, 5, 3, 4, 5, 4, 4, 4, 4, 4]","[0, 0, 0, 0, 0, 0, 0, 0, 0, 0, 0, 28, 5, 2, 2, 2, 2, 2, 2]","[0, 0, 0, 0, 0, 0, 0, 0, 0, 0, 0, 0, 0, 0, 0, 0, 0, 0, 0]"
80,0.087271803,"[0, 0, 0, 0, 0, 0, 0, 0, 0, 0, 0, 0, 0, 0, 0, 0, 0, 0, 0]","[0, 0, 0, 0, 0, 0, 0, 0, 0, 0, 0, 0, 0, 0, 0, 0, 0, 0, 0]","[0, 0, 0, 0, 0, 0, 0, 0, 0, 30, 2, 2, 2, 2, 2, 2, 2, 2, 2]","[0, 0, 0, 0, 0, 0, 0, 0, 0, 0, 0, 0, 0, 0, 0, 0, 0, 0, 0]"
81,0.080511085,"[0, 0, 0, 33, 6, 6, 6, 7, 6, 6, 6, 6, 6, 6, 6, 7, 6, 7, 5]","[0, 0, 0, 0, 0, 0, 0, 0, 0, 0, 0, 0, 0, 0, 0, 0, 0, 0, 0]","[0, 0, 0, 0, 0, 0, 0, 0, 0, 30, 3, 1, 2, 2, 2, 2, 2, 2, 2]","[0, 0, 0, 31, 2, 2, 2, 2, 2, 1, 2, 1, 2, 3, 2, 2, 2, 2, 2]"
82,0.09295583,"[0, 0, 0, 31, 2, 1, 2, 3, 2, 1, 2, 1, 2, 2, 2, 3, 2, 1, 3]","[0, 0, 0, 0, 0, 0, 0, 0, 0, 0, 0, 0, 0, 0, 0, 0, 0, 0, 0]","[0, 0, 0, 0, 0, 0, 0, 0, 0, 0, 0, 31, 2, 2, 2, 2, 2, 2, 2]","[0, 0, 0, 31, 2, 2, 2, 2, 2, 1, 2, 1, 2, 2, 3, 2, 2, 1, 3]"
83,0.087901712,"[0, 0, 0, 31, 2, 2, 2, 2, 2, 1, 2, 1, 2, 2, 3, 2, 2, 1, 2]","[0, 0, 0, 0, 0, 0, 0, 0, 0, 30, 2, 2, 2, 2, 2, 2, 2, 2, 2]","[0, 0, 0, 0, 0, 31, 2, 2, 2, 1, 3, 1, 2, 2, 2, 2, 2, 2, 2]","[0, 0, 0, 0, 0, 0, 0, 0, 0, 0, 0, 0, 0, 0, 0, 0, 0, 0, 0]"
84,0.085378163,"[0, 0, 0, 0, 0, 32, 4, 4, 4, 3, 5, 3, 4, 4, 5, 4, 4, 4, 4]","[0, 0, 0, 0, 0, 0, 0, 0, 0, 0, 0, 0, 0, 0, 0, 0, 0, 0, 0]","[0, 0, 0, 0, 0, 0, 0, 0, 0, 0, 0, 0, 0, 0, 0, 0, 0, 0, 0]","[0, 0, 0, 0, 0, 0, 0, 0, 0, 0, 0, 0, 0, 0, 0, 0, 0, 0, 0]"
85,0.087456906,"[0, 0, 0, 32, 4, 4, 4, 4, 4, 4, 4, 4, 4, 4, 4, 4, 4, 4, 5]","[0, 0, 0, 31, 2, 1, 2, 3, 2, 1, 2, 1, 2, 2, 2, 3, 2, 1, 2]","[0, 0, 0, 0, 0, 0, 0, 0, 0, 33, 6, 6, 6, 6, 6, 6, 7, 6, 6]","[0, 0, 0, 0, 0, 31, 2, 2, 2, 2, 2, 1, 2, 2, 2, 2, 2, 2, 2]"
86,0.092053208,"[0, 0, 0, 0, 0, 33, 6, 6, 6, 6, 6, 6, 6, 6, 7, 7, 6, 6, 6]","[0, 0, 0, 31, 2, 1, 2, 3, 2, 1, 2, 1, 2, 2, 2, 3, 2, 1, 2]","[0, 0, 0, 33, 6, 6, 6, 6, 6, 6, 6, 6, 6, 6, 7, 6, 6, 7, 6]","[0, 0, 0, 0, 0, 0, 0, 0, 0, 0, 0, 0, 0, 0, 0, 0, 0, 0, 0]"
87,0.087887661,"[0, 0, 0, 31, 2, 2, 2, 2, 2, 1, 2, 1, 2, 2, 3, 2, 2, 1, 3]","[0, 0, 0, 0, 0, 31, 2, 2, 2, 1, 3, 1, 2, 2, 2, 2, 2, 2, 2]","[0, 0, 0, 0, 0, 0, 0, 0, 0, 0, 0, 0, 0, 0, 0, 0, 0, 0, 0]","[0, 0, 0, 31, 2, 1, 2, 3, 2, 1, 2, 1, 2, 2, 3, 2, 2, 2, 2]"
88,0.088458436,"[0, 0, 0, 0, 0, 0, 0, 0, 0, 0, 0, 0, 0, 0, 0, 0, 0, 0, 0]","[0, 0, 0, 31, 2, 2, 2, 2, 2, 1, 2, 1, 2, 3, 2, 2, 2, 1, 2]","[0, 0, 0, 0, 0, 0, 0, 0, 0, 0, 0, 0, 0, 0, 0, 0, 0, 0, 0]","[0, 0, 0, 0, 0, 0, 0, 0, 0, 0, 0, 0, 0, 0, 0, 0, 0, 0, 0]"
89,0.082534397,"[0, 0, 0, 0, 0, 0, 0, 0, 0, 0, 0, 0, 0, 0, 0, 0, 0, 0, 0]","[0, 0, 0, 0, 0, 31, 5, 4, 4, 3, 5, 3, 4, 4, 5, 4, 4, 4, 4]","[0, 0, 0, 31, 2, 1, 3, 2, 2, 1, 2, 1, 2, 2, 3, 2, 2, 1, 3]","[0, 0, 0, 0, 0, 0, 0, 0, 0, 0, 0, 0, 0, 0, 0, 0, 0, 0, 0]"
90,0.090116063,"[0, 0, 0, 0, 0, 0, 0, 0, 0, 0, 0, 0, 0, 0, 0, 0, 0, 0, 0]","[0, 0, 0, 0, 0, 0, 0, 0, 0, 0, 0, 0, 0, 0, 0, 0, 0, 0, 0]","[0, 0, 0, 31, 2, 1, 3, 2, 2, 1, 2, 1, 2, 2, 3, 2, 2, 1, 3]","[0, 0, 0, 31, 2, 1, 3, 2, 2, 1, 2, 1, 2, 3, 2, 2, 2, 1, 3]"
91,0.085425675,"[0, 0, 0, 0, 0, 0, 0, 0, 0, 0, 0, 0, 0, 0, 0, 0, 0, 0, 0]","[0, 0, 0, 21, 11, 2, 2, 2, 2, 1, 2, 1, 2, 2, 3, 2, 2, 2, 2]","[0, 0, 0, 0, 0, 0, 0, 0, 0, 0, 0, 0, 0, 0, 0, 0, 0, 0, 0]","[0, 0, 0, 31, 2, 2, 2, 2, 2, 1, 2, 1, 2, 3, 2, 2, 2, 2, 2]"
92,0.085162605,"[0, 0, 0, 0, 0, 0, 0, 0, 0, 30, 2, 1, 3, 2, 2, 2, 2, 2, 2]","[0, 0, 0, 32, 4, 4, 4, 4, 4, 4, 4, 4, 4, 4, 4, 4, 4, 4, 5]","[0, 0, 0, 31, 2, 1, 3, 2, 2, 1, 2, 1, 2, 2, 2, 3, 2, 1, 2]","[0, 0, 0, 0, 0, 0, 0, 0, 0, 20, 13, 1, 2, 2, 2, 2, 2, 2, 2]"
93,0.082815533,"[0, 0, 0, 32, 4, 4, 4, 4, 4, 4, 4, 4, 4, 4, 4, 4, 4, 4, 4]","[0, 0, 0, 0, 0, 0, 0, 0, 0, 0, 0, 31, 2, 2, 2, 2, 2, 2, 2]","[0, 0, 0, 0, 0, 0, 0, 0, 0, 30, 2, 1, 3, 2, 2, 2, 2, 2, 2]","[0, 0, 0, 0, 0, 32, 4, 5, 4, 3, 5, 3, 4, 5, 4, 4, 4, 4, 4]"
94,0.084694392,"[0, 0, 0, 0, 0, 0, 0, 0, 0, 0, 0, 0, 0, 0, 0, 0, 0, 0, 0]","[0, 0, 0, 0, 0, 0, 0, 0, 0, 30, 2, 2, 2, 2, 2, 2, 2, 2, 2]","[0, 0, 0, 0, 0, 0, 0, 0, 0, 29, 3, 2, 2, 2, 2, 2, 2, 2, 2]","[0, 0, 0, 0, 0, 0, 0, 0, 0, 30, 2, 2, 2, 2, 2, 2, 2, 2, 2]"
95,0.090482537,"[0, 0, 0, 0, 0, 0, 0, 0, 0, 33, 8, 8, 8, 8, 9, 9, 9, 8, 8]","[0, 0, 0, 0, 0, 32, 4, 4, 4, 4, 4, 4, 4, 4, 4, 4, 4, 4, 5]","[0, 0, 0, 0, 0, 0, 0, 0, 0, 0, 0, 0, 0, 0, 0, 0, 0, 0, 0]","[0, 0, 0, 0, 0, 0, 0, 0, 0, 0, 0, 0, 0, 0, 0, 0, 0, 0, 0]"
96,0.087126981,"[0, 0, 0, 0, 0, 0, 0, 0, 0, 0, 0, 0, 0, 0, 0, 0, 0, 0, 0]","[0, 0, 0, 0, 0, 0, 0, 0, 0, 0, 0, 0, 0, 0, 0, 0, 0, 0, 0]","[0, 0, 0, 31, 4, 4, 4, 4, 4, 4, 4, 4, 4, 4, 4, 4, 4, 4, 4]","[0, 0, 0, 0, 0, 34, 8, 8, 8, 9, 9, 8, 8, 8, 8, 8, 8, 8, 9]"
97,0.090069728,"[0, 0, 0, 0, 0, 0, 0, 0, 0, 0, 0, 0, 0, 0, 0, 0, 0, 0, 0]","[0, 0, 0, 0, 0, 0, 0, 0, 0, 0, 0, 0, 0, 0, 0, 0, 0, 0, 0]","[0, 0, 0, 32, 4, 4, 4, 4, 4, 3, 5, 3, 4, 5, 4, 4, 4, 4, 4]","[0, 0, 0, 24, 12, 6, 7, 6, 6, 6, 6, 6, 6, 6, 7, 6, 6, 6, 7]"
98,0.08221341,"[0, 0, 0, 0, 0, 0, 0, 0, 0, 0, 0, 0, 0, 0, 0, 0, 0, 0, 0]","[0, 0, 0, 0, 0, 0, 0, 0, 0, 30, 2, 2, 2, 2, 2, 2, 2, 2, 2]","[0, 0, 0, 0, 0, 0, 0, 0, 0, 0, 0, 0, 0, 0, 0, 0, 0, 0, 0]","[0, 0, 0, 0, 0, 0, 0, 0, 0, 30, 2, 2, 2, 2, 2, 2, 2, 2, 2]"
99,0.083655652,"[0, 0, 0, 0, 0, 30, 5, 4, 4, 4, 4, 4, 4, 4, 4, 4, 4, 4, 4]","[0, 0, 0, 1, 31, 5, 4, 4, 4, 3, 5, 3, 4, 5, 4, 4, 4, 4, 4]","[0, 0, 0, 0, 0, 32, 7, 6, 6, 6, 6, 6, 6, 7, 6, 6, 6, 7, 5]","[0, 0, 0, 31, 2, 2, 2, 2, 2, 1, 2, 1, 2, 3, 2, 2, 2, 1, 3]"
100,0.083475326,"[0, 0, 0, 0, 0, 0, 0, 0, 0, 0, 0, 0, 0, 0, 0, 0, 0, 0, 0]","[0, 0, 0, 0, 0, 0, 0, 0, 0, 0, 0, 0, 0, 0, 0, 0, 0, 0, 0]","[0, 0, 0, 0, 0, 33, 6, 7, 6, 6, 6, 6, 6, 6, 6, 6, 7, 6, 6]","[0, 0, 0, 0, 0, 0, 0, 0, 0, 0, 0, 0, 0, 0, 0, 0, 0, 0, 0]"
101,0.089671256,"[0, 0, 0, 31, 2, 1, 3, 2, 2, 1, 2, 1, 2, 3, 2, 2, 2, 2, 2]","[0, 0, 0, 32, 4, 4, 4, 4, 4, 4, 4, 3, 4, 5, 4, 4, 4, 4, 4]","[0, 0, 0, 0, 0, 0, 0, 0, 0, 0, 0, 0, 0, 0, 0, 0, 0, 0, 0]","[0, 0, 0, 31, 2, 2, 2, 2, 2, 1, 2, 1, 2, 2, 3, 2, 2, 1, 3]"
102,0.087939045,"[0, 0, 0, 32, 4, 4, 4, 4, 4, 4, 4, 4, 4, 4, 4, 4, 4, 4, 5]","[0, 0, 0, 31, 2, 2, 1, 3, 2, 1, 2, 1, 2, 2, 3, 2, 2, 1, 2]","[0, 0, 0, 0, 0, 31, 2, 2, 2, 1, 2, 1, 2, 2, 3, 2, 2, 2, 2]","[0, 0, 0, 0, 0, 31, 2, 2, 2, 1, 3, 1, 2, 2, 2, 2, 2, 2, 2]"
103,0.079984567,"[0, 0, 0, 32, 4, 4, 4, 4, 4, 4, 4, 4, 4, 4, 4, 4, 4, 4, 4]","[0, 0, 0, 31, 2, 2, 2, 2, 2, 1, 2, 1, 2, 3, 2, 2, 2, 2, 2]","[0, 0, 0, 0, 0, 0, 0, 0, 0, 0, 0, 0, 0, 0, 0, 0, 0, 0, 0]","[0, 0, 0, 31, 2, 2, 2, 2, 2, 1, 2, 1, 2, 2, 3, 2, 2, 2, 2]"
104,0.093048578,"[0, 0, 0, 0, 0, 0, 0, 0, 0, 32, 6, 6, 6, 6, 6, 7, 6, 6, 6]","[0, 0, 0, 0, 0, 0, 0, 0, 0, 0, 0, 0, 0, 0, 0, 0, 0, 0, 0]","[0, 0, 0, 33, 6, 6, 6, 6, 6, 6, 7, 6, 6, 6, 6, 6, 6, 8, 4]","[0, 0, 0, 0, 0, 0, 0, 0, 0, 0, 0, 0, 0, 0, 0, 0, 0, 0, 0]"
105,0.087667813,"[0, 0, 0, 0, 0, 0, 0, 0, 0, 0, 0, 0, 0, 0, 0, 0, 0, 0, 0]","[0, 0, 0, 0, 0, 0, 0, 0, 0, 0, 0, 0, 0, 0, 0, 0, 0, 0, 0]","[0, 0, 0, 0, 0, 0, 0, 0, 0, 30, 2, 1, 3, 2, 2, 2, 2, 2, 2]","[0, 0, 0, 31, 2, 2, 2, 2, 2, 1, 2, 1, 2, 3, 2, 2, 2, 1, 3]"
106,0.087976474,"[0, 0, 0, 31, 2, 1, 3, 2, 2, 1, 2, 1, 2, 2, 3, 2, 2, 1, 3]","[0, 0, 0, 0, 0, 0, 0, 0, 0, 0, 0, 30, 3, 2, 2, 2, 2, 2, 2]","[0, 0, 0, 31, 2, 2, 2, 2, 2, 1, 2, 1, 2, 2, 3, 2, 2, 1, 3]","[0, 0, 0, 0, 0, 0, 0, 0, 0, 0, 0, 0, 0, 0, 0, 0, 0, 0, 0]"
107,0.098909026,"[0, 0, 0, 0, 0, 0, 0, 0, 0, 0, 0, 0, 0, 0, 0, 0, 0, 0, 0]","[0, 0, 0, 0, 0, 0, 0, 0, 0, 31, 2, 1, 2, 2, 2, 2, 2, 2, 2]","[0, 0, 0, 31, 2, 2, 2, 2, 2, 1, 2, 1, 2, 2, 3, 2, 2, 2, 2]","[0, 0, 0, 0, 0, 0, 0, 0, 0, 0, 0, 0, 0, 0, 0, 0, 0, 0, 0]"
108,0.093911855,"[0, 0, 0, 31, 2, 1, 3, 2, 2, 1, 2, 1, 2, 2, 3, 2, 2, 2, 2]","[0, 0, 0, 0, 0, 31, 2, 2, 2, 1, 2, 2, 2, 2, 2, 2, 2, 2, 2]","[0, 0, 0, 0, 0, 0, 0, 0, 0, 0, 0, 0, 0, 0, 0, 0, 0, 0, 0]","[0, 0, 0, 0, 0, 0, 0, 0, 0, 0, 0, 0, 0, 0, 0, 0, 0, 0, 0]"
109,0.083937724,"[0, 0, 0, 0, 0, 0, 0, 0, 0, 0, 0, 0, 0, 0, 0, 0, 0, 0, 0]","[0, 0, 0, 31, 2, 2, 2, 2, 2, 1, 2, 1, 2, 2, 3, 2, 2, 1, 3]","[0, 0, 0, 16, 19, 7, 6, 7, 6, 5, 7, 6, 6, 6, 6, 6, 6, 7, 6]","[0, 0, 0, 0, 0, 0, 0, 0, 0, 0, 0, 0, 0, 0, 0, 0, 0, 0, 0]"
110,0.090312382,"[0, 0, 0, 0, 0, 0, 0, 0, 0, 0, 0, 0, 0, 0, 0, 0, 0, 0, 0]","[0, 0, 0, 0, 0, 0, 0, 0, 0, 0, 0, 0, 0, 0, 0, 0, 0, 0, 0]","[0, 0, 0, 33, 6, 7, 6, 6, 6, 6, 6, 6, 6, 6, 7, 6, 6, 6, 7]","[0, 0, 0, 0, 0, 0, 0, 0, 0, 0, 0, 0, 0, 0, 0, 0, 0, 0, 0]"
111,0.085701893,"[0, 0, 0, 0, 0, 0, 0, 0, 0, 0, 0, 0, 0, 0, 0, 0, 0, 0, 0]","[0, 0, 0, 0, 0, 0, 0, 0, 0, 0, 0, 0, 0, 0, 0, 0, 0, 0, 0]","[0, 0, 0, 32, 6, 6, 6, 6, 6, 6, 7, 6, 6, 6, 6, 6, 6, 6, 8]","[0, 0, 0, 31, 2, 1, 3, 2, 2, 1, 2, 1, 2, 2, 3, 2, 2, 1, 2]"
112,0.090274073,"[0, 0, 0, 0, 0, 0, 0, 0, 0, 0, 0, 0, 0, 0, 0, 0, 0, 0, 0]","[0, 0, 0, 0, 0, 0, 0, 0, 0, 0, 0, 0, 0, 0, 0, 0, 0, 0, 0]","[0, 0, 0, 0, 0, 0, 0, 0, 0, 0, 0, 0, 0, 0, 0, 0, 0, 0, 0]","[0, 0, 0, 31, 2, 1, 3, 2, 2, 1, 2, 1, 2, 2, 3, 2, 2, 1, 3]"
113,0.084313008,"[0, 0, 0, 0, 0, 0, 0, 0, 0, 0, 0, 0, 0, 0, 0, 0, 0, 0, 0]","[0, 0, 0, 32, 4, 4, 4, 4, 4, 4, 4, 3, 4, 5, 4, 4, 4, 4, 4]","[0, 0, 0, 0, 0, 0, 0, 0, 0, 0, 0, 0, 0, 0, 0, 0, 0, 0, 0]","[0, 0, 0, 0, 0, 0, 0, 0, 0, 0, 0, 0, 0, 0, 0, 0, 0, 0, 0]"
114,0.0873638,"[0, 0, 0, 0, 0, 0, 0, 0, 0, 0, 0, 0, 0, 0, 0, 0, 0, 0, 0]","[0, 0, 0, 31, 2, 2, 2, 2, 2, 1, 2, 1, 2, 3, 2, 2, 2, 2, 2]","[0, 0, 0, 33, 6, 6, 6, 6, 6, 6, 7, 6, 6, 6, 6, 6, 6, 6, 8]","[0, 0, 0, 0, 0, 0, 0, 0, 0, 0, 0, 0, 0, 0, 0, 0, 0, 0, 0]"
115,0.085925398,"[0, 0, 0, 31, 2, 2, 2, 2, 2, 1, 2, 1, 2, 2, 3, 2, 2, 2, 1]","[0, 0, 0, 0, 0, 32, 4, 5, 4, 3, 5, 3, 4, 4, 5, 4, 4, 4, 4]","[0, 0, 0, 33, 6, 6, 6, 6, 6, 6, 7, 6, 6, 6, 6, 6, 6, 6, 6]","[0, 0, 0, 31, 2, 1, 3, 2, 2, 1, 2, 1, 2, 2, 3, 2, 2, 1, 2]"
116,0.08513746,"[0, 0, 0, 0, 0, 0, 0, 0, 0, 0, 0, 0, 0, 0, 0, 0, 0, 0, 0]","[0, 0, 0, 31, 2, 1, 3, 2, 2, 1, 2, 1, 2, 2, 2, 3, 2, 1, 2]","[0, 0, 0, 0, 0, 0, 0, 0, 0, 0, 0, 0, 0, 0, 0, 0, 0, 0, 0]","[0, 0, 0, 32, 4, 4, 4, 4, 4, 4, 4, 4, 4, 4, 4, 4, 4, 4, 4]"
117,0.086141961,"[0, 0, 0, 31, 2, 1, 3, 2, 2, 1, 2, 1, 2, 2, 2, 3, 2, 1, 2]","[0, 0, 0, 0, 0, 0, 0, 0, 0, 0, 0, 0, 0, 0, 0, 0, 0, 0, 0]","[0, 0, 0, 31, 2, 1, 2, 3, 2, 1, 2, 1, 2, 2, 3, 2, 2, 1, 3]","[0, 0, 0, 0, 0, 0, 0, 0, 0, 0, 0, 0, 0, 0, 0, 0, 0, 0, 0]"
118,0.08528213,"[0, 0, 0, 32, 4, 4, 4, 4, 4, 4, 4, 4, 4, 4, 4, 4, 4, 4, 4]","[0, 0, 0, 0, 0, 0, 0, 0, 0, 0, 0, 0, 0, 0, 0, 0, 0, 0, 0]","[0, 0, 0, 0, 0, 0, 0, 0, 0, 32, 4, 4, 4, 4, 4, 4, 4, 4, 4]","[0, 0, 0, 31, 2, 1, 3, 2, 2, 1, 2, 1, 2, 2, 3, 2, 2, 2, 2]"
119,0.090164681,"[0, 0, 0, 0, 0, 0, 0, 0, 0, 0, 0, 0, 0, 0, 0, 0, 0, 0, 0]","[0, 0, 0, 0, 0, 0, 0, 0, 0, 0, 0, 0, 0, 0, 0, 0, 0, 0, 0]","[0, 0, 0, 0, 0, 0, 0, 0, 0, 0, 0, 0, 0, 0, 0, 0, 0, 0, 0]","[0, 0, 0, 33, 6, 6, 6, 6, 6, 6, 7, 6, 6, 6, 6, 6, 6, 6, 8]"
120,0.085814438,"[0, 0, 0, 32, 4, 3, 5, 4, 4, 4, 4, 3, 4, 4, 5, 4, 4, 4, 4]","[0, 0, 0, 33, 6, 7, 6, 6, 6, 6, 6, 6, 6, 6, 7, 6, 6, 6, 7]","[0, 0, 0, 0, 0, 0, 0, 0, 0, 0, 0, 0, 0, 0, 0, 0, 0, 0, 0]","[0, 0, 0, 0, 0, 0, 0, 0, 0, 0, 0, 0, 0, 0, 0, 0, 0, 0, 0]"
121,0.082602159,"[0, 0, 0, 0, 0, 32, 4, 5, 4, 3, 5, 3, 4, 4, 4, 4, 4, 4, 5]","[0, 0, 0, 33, 6, 6, 6, 6, 6, 6, 6, 6, 6, 6, 7, 6, 6, 6, 7]","[0, 0, 0, 0, 0, 0, 0, 0, 0, 0, 0, 0, 0, 0, 0, 0, 0, 0, 0]","[0, 0, 0, 0, 0, 35, 6, 6, 6, 5, 7, 6, 6, 6, 6, 6, 6, 7, 7]"
122,0.083225713,"[0, 0, 0, 0, 0, 0, 0, 0, 0, 0, 0, 0, 0, 0, 0, 0, 0, 0, 0]","[0, 0, 0, 0, 0, 0, 0, 0, 0, 0, 0, 31, 2, 2, 2, 2, 2, 2, 2]","[0, 0, 0, 0, 0, 31, 2, 2, 2, 1, 3, 1, 2, 2, 2, 2, 2, 2, 2]","[0, 0, 0, 0, 0, 0, 0, 0, 0, 30, 2, 2, 2, 2, 2, 2, 2, 2, 2]"
123,0.084607126,"[0, 0, 0, 0, 0, 0, 0, 0, 0, 29, 3, 2, 2, 2, 2, 2, 2, 2, 2]","[0, 0, 0, 32, 4, 4, 4, 4, 4, 4, 4, 4, 4, 4, 4, 4, 4, 4, 5]","[0, 0, 0, 0, 0, 0, 0, 0, 0, 0, 0, 0, 0, 0, 0, 0, 0, 0, 0]","[0, 0, 0, 31, 2, 2, 2, 2, 2, 1, 2, 1, 2, 3, 2, 2, 2, 1, 3]"
124,0.084706807,"[0, 0, 0, 0, 0, 31, 2, 2, 2, 1, 2, 1, 2, 2, 3, 2, 2, 1, 3]","[0, 0, 0, 0, 0, 0, 0, 0, 0, 0, 0, 0, 0, 0, 0, 0, 0, 0, 0]","[0, 0, 0, 0, 0, 0, 0, 0, 0, 0, 0, 0, 0, 0, 0, 0, 0, 0, 0]","[0, 0, 0, 32, 4, 4, 4, 4, 4, 4, 4, 3, 4, 5, 4, 4, 4, 4, 4]"
125,0.086454216,"[0, 0, 0, 32, 4, 3, 4, 4, 4, 4, 4, 4, 4, 4, 4, 4, 4, 4, 5]","[0, 0, 0, 31, 2, 2, 2, 2, 2, 1, 2, 1, 2, 2, 2, 3, 2, 1, 2]","[0, 0, 0, 0, 0, 0, 0, 0, 0, 0, 0, 0, 0, 0, 0, 0, 0, 0, 0]","[0, 0, 0, 0, 0, 0, 0, 0, 0, 0, 0, 0, 0, 0, 0, 0, 0, 0, 0]"
126,0.089715641,"[0, 0, 0, 31, 2, 1, 2, 3, 2, 1, 2, 1, 2, 2, 2, 3, 2, 1, 2]","[0, 0, 0, 31, 2, 2, 2, 2, 2, 1, 2, 1, 2, 2, 3, 2, 2, 1, 3]","[0, 0, 0, 20, 12, 2, 2, 2, 2, 1, 3, 1, 2, 2, 2, 2, 2, 2, 2]","[0, 0, 0, 0, 0, 32, 4, 4, 4, 4, 4, 4, 4, 4, 4, 4, 4, 4, 4]"
127,0.083365771,"[0, 0, 0, 31, 2, 2, 2, 2, 2, 1, 2, 1, 2, 3, 2, 2, 2, 1, 3]","[0, 0, 0, 0, 0, 0, 0, 0, 0, 0, 0, 0, 0, 0, 0, 0, 0, 0, 0]","[0, 0, 0, 31, 2, 1, 3, 2, 2, 1, 2, 1, 2, 2, 3, 2, 2, 1, 2]","[0, 0, 0, 0, 0, 0, 0, 0, 0, 0, 0, 0, 0, 0, 0, 0, 0, 0, 0]"
128,0.076057539,"[0, 0, 0, 0, 0, 0, 0, 0, 0, 0, 0, 0, 0, 0, 0, 0, 0, 0, 0]","[0, 0, 0, 0, 0, 0, 0, 0, 0, 0, 0, 31, 2, 2, 2, 2, 2, 2, 2]","[0, 0, 0, 0, 0, 29, 4, 2, 2, 1, 2, 2, 2, 2, 2, 2, 2, 2, 2]","[0, 0, 0, 31, 2, 1, 3, 2, 2, 1, 2, 1, 2, 2, 3, 2, 2, 1, 2]"
129,0.081707533,"[0, 0, 0, 32, 4, 4, 4, 4, 4, 4, 4, 3, 4, 5, 4, 4, 4, 4, 4]","[0, 0, 0, 0, 0, 0, 0, 0, 0, 0, 0, 0, 0, 0, 0, 0, 0, 0, 0]","[0, 0, 0, 0, 0, 0, 0, 0, 0, 0, 0, 0, 0, 0, 0, 0, 0, 0, 0]","[0, 0, 0, 0, 0, 32, 3, 5, 4, 4, 4, 3, 4, 4, 5, 4, 4, 4, 4]"
130,0.09049236,"[0, 0, 0, 31, 2, 2, 2, 2, 2, 1, 2, 1, 2, 3, 2, 2, 2, 2, 2]","[0, 0, 0, 31, 2, 1, 3, 2, 2, 1, 2, 1, 2, 2, 3, 2, 2, 1, 2]","[0, 0, 0, 0, 0, 0, 0, 0, 0, 0, 0, 0, 0, 0, 0, 0, 0, 0, 0]","[0, 0, 0, 31, 2, 1, 3, 2, 2, 1, 2, 1, 2, 2, 3, 2, 2, 1, 3]"
131,0.084680586,"[0, 0, 0, 0, 0, 0, 0, 0, 0, 0, 0, 0, 0, 0, 0, 0, 0, 0, 0]","[0, 0, 0, 0, 0, 0, 0, 0, 0, 0, 0, 0, 0, 0, 0, 0, 0, 0, 0]","[0, 0, 0, 0, 0, 31, 5, 4, 4, 3, 5, 3, 4, 4, 5, 4, 4, 4, 4]","[0, 0, 0, 0, 0, 0, 0, 0, 0, 27, 5, 2, 2, 2, 2, 2, 2, 2, 2]"
132,0.08694078,"[0, 0, 0, 31, 2, 1, 3, 2, 2, 1, 2, 1, 2, 2, 2, 3, 2, 1, 3]","[0, 0, 0, 0, 0, 0, 0, 0, 0, 30, 3, 1, 2, 2, 2, 2, 2, 2, 2]","[0, 0, 0, 0, 0, 0, 0, 0, 0, 7, 25, 1, 2, 2, 2, 2, 2, 2, 2]","[0, 0, 0, 30, 3, 1, 2, 3, 2, 1, 2, 1, 2, 2, 2, 3, 2, 1, 2]"
133,0.086382708,"[0, 0, 0, 0, 0, 0, 0, 0, 0, 0, 0, 0, 0, 0, 0, 0, 0, 0, 0]","[0, 0, 0, 0, 0, 0, 0, 0, 0, 0, 0, 0, 0, 0, 0, 0, 0, 0, 0]","[0, 0, 0, 0, 0, 0, 0, 0, 0, 0, 0, 0, 0, 0, 0, 0, 0, 0, 0]","[0, 0, 0, 31, 2, 1, 3, 2, 2, 1, 2, 1, 2, 3, 2, 2, 2, 2, 2]"
134,0.081309247,"[0, 0, 0, 0, 0, 0, 0, 0, 0, 0, 0, 0, 0, 0, 0, 0, 0, 0, 0]","[0, 0, 0, 0, 0, 0, 0, 0, 0, 30, 3, 1, 2, 2, 2, 2, 2, 2, 2]","[0, 0, 0, 0, 0, 31, 5, 4, 4, 3, 5, 3, 4, 4, 5, 4, 4, 4, 4]","[0, 0, 0, 0, 0, 0, 0, 0, 0, 0, 0, 0, 0, 0, 0, 0, 0, 0, 0]"
135,0.086629692,"[0, 0, 0, 31, 2, 1, 2, 3, 2, 1, 2, 1, 2, 2, 2, 3, 2, 1, 2]","[0, 0, 0, 0, 0, 0, 0, 0, 0, 0, 0, 0, 0, 0, 0, 0, 0, 0, 0]","[0, 0, 0, 33, 6, 7, 6, 6, 6, 6, 6, 6, 6, 6, 7, 6, 6, 6, 7]","[0, 0, 0, 31, 4, 4, 4, 4, 4, 4, 4, 4, 4, 4, 4, 4, 4, 4, 4]"
136,0.083287412,"[0, 0, 0, 32, 4, 3, 5, 4, 4, 4, 4, 3, 4, 5, 4, 4, 4, 4, 4]","[0, 0, 0, 0, 0, 0, 0, 0, 0, 0, 0, 0, 0, 0, 0, 0, 0, 0, 0]","[0, 0, 0, 33, 6, 6, 6, 6, 6, 6, 7, 6, 6, 6, 6, 6, 6, 6, 7]","[0, 0, 0, 0, 0, 31, 2, 2, 2, 1, 3, 1, 2, 2, 2, 2, 2, 2, 2]"
137,0.085600739,"[0, 0, 0, 0, 0, 0, 0, 0, 0, 30, 2, 1, 3, 2, 2, 2, 2, 2, 2]","[0, 0, 0, 32, 4, 4, 4, 4, 4, 3, 5, 3, 4, 5, 4, 4, 4, 4, 4]","[0, 0, 0, 0, 0, 0, 0, 0, 0, 0, 0, 0, 0, 0, 0, 0, 0, 0, 0]","[0, 0, 0, 0, 0, 0, 0, 0, 0, 0, 0, 0, 0, 0, 0, 0, 0, 0, 0]"
138,0.08499899,"[0, 0, 0, 0, 0, 0, 0, 0, 0, 0, 0, 0, 0, 0, 0, 0, 0, 0, 0]","[0, 0, 0, 31, 2, 2, 2, 2, 2, 1, 2, 1, 2, 3, 2, 2, 2, 2, 2]","[0, 0, 0, 0, 0, 0, 0, 0, 0, 0, 0, 0, 0, 0, 0, 0, 0, 0, 0]","[0, 0, 0, 0, 0, 33, 6, 6, 6, 6, 7, 6, 6, 6, 6, 6, 6, 6, 7]"
139,0.086356816,"[0, 0, 0, 33, 6, 5, 7, 6, 6, 6, 6, 6, 6, 6, 7, 6, 6, 7, 6]","[0, 0, 0, 0, 0, 0, 0, 0, 0, 32, 4, 4, 4, 4, 4, 4, 4, 4, 4]","[0, 0, 0, 33, 6, 6, 6, 6, 6, 6, 7, 6, 6, 6, 6, 6, 6, 8, 6]","[0, 0, 0, 0, 0, 31, 2, 2, 2, 1, 2, 2, 2, 2, 2, 2, 2, 2, 2]"
140,0.088305695,"[0, 0, 0, 0, 0, 0, 0, 0, 0, 0, 0, 0, 0, 0, 0, 0, 0, 0, 0]","[0, 0, 0, 0, 0, 0, 0, 0, 0, 0, 0, 0, 0, 0, 0, 0, 0, 0, 0]","[0, 0, 0, 0, 0, 31, 4, 5, 4, 4, 4, 3, 4, 5, 4, 4, 4, 4, 4]","[0, 0, 0, 0, 0, 0, 0, 0, 0, 0, 0, 0, 0, 0, 0, 0, 0, 0, 0]"
141,0.083720824,"[0, 0, 0, 0, 0, 0, 0, 0, 0, 0, 0, 0, 0, 0, 0, 0, 0, 0, 0]","[0, 0, 0, 0, 0, 0, 0, 0, 0, 0, 0, 0, 0, 0, 0, 0, 0, 0, 0]","[0, 0, 0, 0, 0, 32, 4, 4, 4, 4, 4, 4, 4, 4, 4, 4, 4, 4, 4]","[0, 0, 0, 0, 0, 32, 4, 4, 4, 4, 4, 4, 4, 4, 4, 4, 4, 4, 4]"
142,0.092025485,"[0, 0, 0, 31, 2, 2, 2, 2, 2, 1, 2, 1, 2, 2, 2, 2, 2, 2, 2]","[0, 0, 0, 32, 4, 4, 4, 4, 4, 4, 4, 4, 4, 4, 4, 4, 4, 4, 4]","[0, 0, 0, 0, 0, 0, 0, 0, 0, 0, 0, 0, 0, 0, 0, 0, 0, 0, 0]","[0, 0, 0, 0, 0, 31, 2, 2, 2, 2, 2, 1, 2, 2, 2, 2, 2, 2, 2]"
143,0.082901432,"[0, 0, 0, 33, 6, 5, 7, 6, 6, 6, 6, 6, 6, 6, 6, 7, 6, 6, 7]","[0, 0, 0, 0, 0, 0, 0, 0, 0, 0, 0, 0, 0, 0, 0, 0, 0, 0, 0]","[0, 0, 0, 0, 0, 31, 2, 2, 2, 2, 2, 1, 2, 2, 2, 2, 2, 2, 2]","[0, 0, 0, 31, 2, 1, 3, 2, 2, 1, 2, 1, 2, 2, 3, 2, 2, 1, 2]"
144,0.077008858,"[0, 0, 0, 0, 0, 0, 0, 0, 0, 0, 0, 0, 0, 0, 0, 0, 0, 0, 0]","[0, 0, 0, 0, 0, 0, 0, 0, 0, 0, 0, 0, 0, 0, 0, 0, 0, 0, 0]","[0, 0, 0, 0, 0, 0, 0, 0, 0, 0, 0, 0, 0, 0, 0, 0, 0, 0, 0]","[0, 0, 0, 0, 0, 0, 0, 0, 0, 30, 3, 1, 2, 2, 2, 2, 2, 2, 2]"
145,0.088416708,"[0, 0, 0, 0, 0, 0, 0, 0, 0, 0, 0, 0, 0, 0, 0, 0, 0, 0, 0]","[0, 0, 0, 31, 2, 2, 2, 2, 2, 1, 2, 1, 2, 3, 2, 2, 2, 2, 2]","[0, 0, 0, 0, 0, 0, 0, 0, 0, 32, 4, 3, 5, 4, 4, 4, 4, 4, 4]","[0, 0, 0, 0, 0, 0, 0, 0, 0, 0, 0, 0, 0, 0, 0, 0, 0, 0, 0]"
146,0.090202426,"[0, 0, 0, 0, 0, 0, 0, 0, 0, 0, 0, 0, 0, 0, 0, 0, 0, 0, 0]","[0, 0, 0, 0, 0, 0, 0, 0, 0, 0, 0, 0, 0, 0, 0, 0, 0, 0, 0]","[0, 0, 0, 0, 0, 0, 0, 0, 0, 0, 0, 0, 0, 0, 0, 0, 0, 0, 0]","[0, 0, 0, 0, 0, 31, 2, 2, 2, 2, 2, 1, 2, 2, 2, 2, 2, 2, 2]"
147,0.09082186,"[0, 0, 0, 0, 0, 0, 0, 0, 0, 32, 4, 4, 4, 4, 4, 4, 4, 4, 4]","[0, 0, 0, 0, 0, 32, 5, 4, 4, 3, 4, 4, 4, 5, 3, 5, 4, 4, 4]","[0, 0, 0, 0, 0, 0, 0, 0, 0, 0, 0, 0, 0, 0, 0, 0, 0, 0, 0]","[0, 0, 0, 0, 0, 0, 0, 0, 0, 0, 0, 0, 0, 0, 0, 0, 0, 0, 0]"
148,0.087526176,"[0, 0, 0, 32, 4, 3, 5, 4, 4, 3, 5, 3, 4, 4, 5, 4, 4, 4, 4]","[0, 0, 0, 0, 0, 0, 0, 0, 0, 0, 0, 0, 0, 0, 0, 0, 0, 0, 0]","[0, 0, 0, 32, 4, 4, 4, 4, 4, 4, 4, 4, 4, 4, 4, 4, 4, 4, 4]","[0, 0, 0, 0, 0, 0, 0, 0, 0, 0, 0, 0, 0, 0, 0, 0, 0, 0, 0]"
149,0.088032297,"[0, 0, 0, 0, 0, 0, 0, 0, 0, 0, 0, 0, 0, 0, 0, 0, 0, 0, 0]","[0, 0, 0, 0, 0, 0, 0, 0, 0, 30, 3, 1, 2, 2, 2, 2, 2, 2, 2]","[0, 0, 0, 32, 6, 7, 6, 6, 6, 6, 6, 6, 6, 6, 7, 6, 6, 7, 6]","[0, 0, 0, 32, 4, 4, 4, 4, 4, 4, 4, 3, 4, 5, 4, 4, 4, 4, 4]"