,prob_transmission,Hand0.8,Hand0.9,Hand0.95,Hand0.99
0,0.086408436,"[0, 0, 0, 33, 6, 6, 6, 6, 6, 6, 7, 6, 6, 6, 6, 6, 6, 6, 8]","[0, 0, 0, 0, 0, 0, 0, 0, 0, 0, 0, 0, 0, 0, 0, 0, 0, 0, 0]","[0, 0, 0, 0, 0, 31, 2, 2, 2, 1, 2, 2, 2, 2, 2, 2, 2, 2, 2]","[0, 0, 0, 0, 0, 0, 0, 0, 0, 0, 0, 0, 0, 0, 0, 0, 0, 0, 0]"
1,0.091078013,"[0, 0, 0, 31, 2, 2, 2, 2, 2, 1, 2, 1, 2, 3, 2, 2, 2, 2, 2]","[0, 0, 0, 0, 0, 0, 0, 0, 0, 0, 0, 0, 0, 0, 0, 0, 0, 0, 0]","[0, 0, 0, 0, 0, 32, 7, 6, 6, 6, 6, 6, 6, 6, 6, 6, 6, 7, 7]","[0, 0, 0, 0, 0, 0, 0, 0, 0, 0, 0, 0, 0, 0, 0, 0, 0, 0, 0]"
2,0.088532048,"[0, 0, 0, 0, 0, 0, 0, 0, 0, 0, 0, 0, 0, 0, 0, 0, 0, 0, 0]","[0, 0, 0, 0, 0, 31, 2, 2, 2, 1, 3, 1, 2, 2, 2, 2, 2, 2, 2]","[0, 0, 0, 0, 0, 0, 0, 0, 0, 33, 6, 6, 6, 6, 7, 6, 6, 6, 6]","[0, 0, 0, 14, 13, 5, 4, 2, 2, 1, 2, 1, 2, 2, 3, 2, 2, 2, 2]"
3,0.087153243,"[0, 0, 0, 0, 0, 0, 0, 0, 0, 0, 0, 0, 0, 0, 0, 0, 0, 0, 0]","[0, 0, 0, 0, 0, 0, 0, 0, 0, 0, 0, 32, 4, 4, 4, 5, 5, 3, 4]","[0, 0, 0, 0, 0, 0, 0, 0, 0, 0, 0, 0, 0, 0, 0, 0, 0, 0, 0]","[0, 0, 0, 0, 0, 5, 5, 11, 16, 4, 5, 3, 5, 4, 4, 4, 4, 4, 4]"
4,0.081158183,"[0, 0, 0, 0, 0, 0, 0, 0, 0, 0, 0, 0, 0, 0, 0, 0, 0, 0, 0]","[0, 0, 0, 31, 2, 2, 2, 2, 2, 1, 2, 1, 2, 3, 2, 2, 2, 1, 2]","[0, 0, 0, 0, 0, 0, 0, 0, 0, 33, 9, 8, 8, 8, 8, 10, 8, 8, 9]","[0, 0, 0, 0, 0, 0, 0, 0, 0, 0, 0, 0, 0, 0, 0, 0, 0, 0, 0]"
5,0.085665274,"[0, 0, 0, 31, 2, 2, 2, 2, 2, 1, 2, 1, 2, 3, 2, 2, 2, 2, 2]","[0, 0, 0, 33, 6, 5, 7, 6, 6, 6, 6, 6, 6, 6, 7, 6, 6, 6, 6]","[0, 0, 0, 0, 0, 0, 0, 0, 0, 0, 0, 0, 0, 0, 0, 0, 0, 0, 0]","[0, 0, 0, 4, 9, 19, 4, 1, 3, 1, 2, 1, 2, 2, 3, 2, 2, 1, 3]"
6,0.086289154,"[0, 0, 0, 0, 0, 0, 0, 0, 0, 0, 0, 0, 0, 0, 0, 0, 0, 0, 0]","[0, 0, 0, 0, 0, 0, 0, 0, 0, 0, 0, 0, 0, 0, 0, 0, 0, 0, 0]","[0, 0, 0, 0, 0, 0, 0, 0, 0, 0, 0, 0, 0, 0, 0, 0, 0, 0, 0]","[0, 0, 0, 0, 0, 0, 0, 0, 0, 0, 0, 0, 0, 0, 0, 0, 0, 0, 0]"
7,0.083256465,"[0, 0, 0, 31, 2, 2, 2, 2, 2, 1, 2, 1, 2, 3, 2, 2, 2, 1, 2]","[0, 0, 0, 0, 0, 0, 0, 0, 0, 0, 0, 0, 0, 0, 0, 0, 0, 0, 0]","[0, 0, 0, 16, 18, 4, 4, 4, 4, 4, 4, 4, 4, 4, 4, 4, 4, 4, 5]","[0, 0, 0, 0, 0, 0, 0, 0, 0, 0, 0, 0, 0, 0, 0, 0, 0, 0, 0]"
8,0.081667851,"[0, 0, 0, 31, 2, 2, 2, 2, 2, 1, 2, 1, 2, 3, 2, 2, 2, 1, 3]","[0, 0, 0, 7, 25, 2, 2, 2, 2, 1, 2, 1, 2, 3, 2, 2, 2, 2, 2]","[0, 0, 0, 1, 31, 1, 3, 2, 2, 1, 2, 1, 2, 2, 3, 2, 2, 1, 2]","[0, 0, 0, 0, 0, 0, 0, 0, 0, 0, 0, 0, 0, 0, 0, 0, 0, 0, 0]"
9,0.087043308,"[0, 0, 0, 31, 2, 2, 2, 2, 2, 1, 2, 1, 2, 3, 2, 2, 2, 2, 2]","[0, 0, 0, 0, 0, 0, 0, 0, 0, 23, 10, 1, 2, 2, 2, 2, 2, 2, 2]","[0, 0, 0, 0, 0, 0, 0, 0, 0, 0, 0, 0, 0, 0, 0, 0, 0, 0, 0]","[0, 0, 0, 0, 0, 0, 0, 0, 0, 0, 0, 0, 0, 0, 0, 0, 0, 0, 0]"
10,0.085455964,"[0, 0, 0, 33, 6, 6, 6, 6, 6, 6, 7, 6, 6, 6, 6, 6, 6, 7, 7]","[0, 0, 0, 31, 2, 1, 2, 3, 2, 1, 2, 1, 2, 2, 2, 3, 2, 1, 2]","[0, 0, 0, 31, 5, 4, 4, 4, 4, 4, 4, 2, 5, 5, 4, 4, 4, 4, 4]","[0, 0, 0, 13, 9, 12, 2, 2, 2, 1, 2, 1, 2, 0, 2, 3, 2, 1, 2]"
11,0.088857285,"[0, 0, 0, 0, 0, 0, 0, 0, 0, 0, 0, 0, 0, 0, 0, 0, 0, 0, 0]","[0, 0, 0, 0, 0, 33, 4, 4, 4, 4, 4, 3, 4, 5, 3, 5, 4, 4, 4]","[0, 0, 0, 0, 0, 0, 0, 0, 0, 0, 0, 0, 0, 0, 0, 0, 0, 0, 0]","[0, 0, 0, 0, 0, 0, 0, 0, 0, 0, 0, 0, 0, 0, 0, 0, 0, 0, 0]"
12,0.087816953,"[0, 0, 0, 31, 2, 1, 3, 2, 2, 1, 2, 1, 2, 2, 3, 2, 2, 1, 3]","[0, 0, 0, 0, 0, 0, 0, 0, 0, 32, 4, 4, 4, 4, 4, 4, 4, 4, 4]","[0, 0, 0, 0, 0, 0, 0, 0, 0, 17, 16, 1, 2, 2, 2, 2, 2, 2, 2]","[0, 0, 0, 0, 0, 0, 0, 0, 0, 0, 0, 0, 0, 0, 0, 0, 0, 0, 0]"
13,0.089993843,"[0, 0, 0, 31, 2, 2, 2, 2, 2, 1, 2, 1, 2, 2, 3, 2, 2, 1, 2]","[0, 0, 0, 0, 0, 0, 0, 0, 0, 0, 0, 0, 0, 0, 0, 0, 0, 0, 0]","[0, 0, 0, 31, 2, 1, 3, 2, 2, 1, 2, 1, 2, 2, 2, 2, 2, 2, 2]","[0, 0, 0, 0, 0, 0, 0, 0, 0, 0, 0, 0, 0, 0, 0, 0, 0, 0, 0]"
14,0.085919908,"[0, 0, 0, 0, 0, 0, 0, 0, 0, 0, 0, 0, 0, 0, 0, 0, 0, 0, 0]","[0, 0, 0, 28, 4, 2, 2, 2, 2, 1, 3, 1, 2, 2, 2, 2, 2, 2, 2]","[0, 0, 0, 31, 4, 4, 4, 4, 4, 4, 4, 3, 4, 4, 4, 4, 4, 4, 4]","[0, 0, 0, 1, 0, 2, 2, 15, 13, 1, 2, 1, 2, 2, 2, 3, 2, 1, 2]"
15,0.088704726,"[0, 0, 0, 0, 0, 0, 0, 0, 0, 0, 0, 0, 0, 0, 0, 0, 0, 0, 0]","[0, 0, 0, 0, 0, 31, 2, 2, 2, 2, 2, 1, 2, 2, 2, 2, 2, 2, 2]","[0, 0, 0, 31, 2, 1, 2, 3, 2, 1, 2, 1, 2, 2, 3, 2, 2, 1, 3]","[0, 0, 0, 8, 21, 5, 2, 3, 2, 1, 2, 1, 2, 2, 3, 2, 2, 1, 3]"
16,0.089283326,"[0, 0, 0, 0, 0, 0, 0, 0, 0, 0, 0, 0, 0, 0, 0, 0, 0, 0, 0]","[0, 0, 0, 0, 0, 0, 0, 0, 0, 0, 0, 0, 0, 0, 0, 0, 0, 0, 0]","[0, 0, 0, 0, 0, 31, 2, 2, 2, 2, 2, 1, 2, 2, 2, 2, 2, 2, 2]","[0, 0, 0, 4, 7, 23, 4, 3, 4, 4, 4, 4, 4, 4, 4, 4, 4, 4, 5]"
17,0.088106674,"[0, 0, 0, 0, 0, 0, 0, 0, 0, 0, 0, 0, 0, 0, 0, 0, 0, 0, 0]","[0, 0, 0, 0, 0, 0, 0, 0, 0, 0, 0, 0, 0, 0, 0, 0, 0, 0, 0]","[0, 0, 0, 0, 0, 0, 0, 0, 0, 33, 7, 6, 6, 6, 6, 6, 6, 6, 6]","[0, 0, 0, 0, 0, 8, 10, 15, 7, 6, 6, 6, 6, 4, 7, 6, 6, 6, 6]"
18,0.088391392,"[0, 0, 0, 0, 0, 0, 0, 0, 0, 0, 0, 0, 0, 0, 0, 0, 0, 0, 0]","[0, 0, 0, 0, 0, 0, 0, 0, 0, 0, 0, 0, 0, 0, 0, 0, 0, 0, 0]","[0, 0, 0, 29, 4, 1, 3, 2, 2, 1, 2, 1, 2, 2, 3, 2, 2, 1, 3]","[0, 0, 0, 0, 0, 0, 0, 0, 0, 0, 0, 0, 0, 0, 0, 0, 0, 0, 0]"
19,0.080026398,"[0, 0, 0, 0, 0, 0, 0, 0, 0, 0, 0, 0, 0, 0, 0, 0, 0, 0, 0]","[0, 0, 0, 0, 0, 31, 2, 2, 2, 1, 3, 1, 2, 2, 2, 2, 2, 2, 2]","[0, 0, 0, 0, 0, 30, 3, 2, 2, 2, 2, 1, 2, 2, 2, 2, 2, 2, 2]","[0, 0, 0, 0, 0, 0, 0, 0, 0, 0, 0, 0, 0, 0, 0, 0, 0, 0, 0]"
20,0.087489746,"[0, 0, 0, 0, 0, 0, 0, 0, 0, 0, 0, 0, 0, 0, 0, 0, 0, 0, 0]","[0, 0, 0, 32, 4, 4, 4, 4, 4, 4, 4, 3, 4, 5, 4, 4, 4, 4, 4]","[0, 0, 0, 29, 4, 2, 2, 2, 2, 1, 2, 1, 2, 3, 2, 2, 2, 1, 2]","[0, 0, 0, 0, 0, 0, 0, 0, 0, 0, 0, 0, 0, 0, 0, 0, 0, 0, 0]"
21,0.093004566,"[0, 0, 0, 31, 2, 2, 2, 2, 2, 1, 2, 1, 2, 3, 2, 2, 2, 2, 2]","[0, 0, 0, 0, 0, 0, 0, 0, 0, 0, 0, 0, 0, 0, 0, 0, 0, 0, 0]","[0, 0, 0, 0, 0, 0, 0, 0, 0, 0, 0, 0, 0, 0, 0, 0, 0, 0, 0]","[0, 0, 0, 0, 0, 0, 0, 0, 0, 5, 9, 17, 4, 4, 4, 4, 5, 4, 4]"
22,0.087129488,"[0, 0, 0, 0, 0, 0, 0, 0, 0, 0, 0, 0, 0, 0, 0, 0, 0, 0, 0]","[0, 0, 0, 31, 2, 2, 2, 2, 2, 1, 2, 1, 2, 3, 2, 2, 2, 2, 2]","[0, 0, 0, 0, 0, 0, 0, 0, 0, 0, 0, 0, 0, 0, 0, 0, 0, 0, 0]","[0, 0, 0, 2, 8, 19, 4, 2, 2, 1, 2, 1, 3, 2, 2, 2, 2, 2, 2]"
23,0.080433696,"[0, 0, 0, 31, 2, 1, 3, 2, 2, 1, 2, 1, 2, 2, 3, 2, 2, 1, 3]","[0, 0, 0, 0, 0, 0, 0, 0, 0, 34, 8, 8, 8, 8, 9, 9, 9, 8, 8]","[0, 0, 0, 0, 0, 0, 0, 0, 0, 0, 0, 0, 0, 0, 0, 0, 0, 0, 0]","[0, 0, 0, 6, 10, 13, 8, 2, 2, 1, 2, 1, 2, 3, 1, 3, 2, 2, 2]"
24,0.088173376,"[0, 0, 0, 31, 2, 2, 2, 2, 2, 1, 2, 1, 2, 3, 2, 2, 2, 2, 2]","[0, 0, 0, 0, 0, 0, 0, 0, 0, 0, 0, 0, 0, 0, 0, 0, 0, 0, 0]","[0, 0, 0, 31, 2, 2, 2, 2, 2, 1, 2, 1, 2, 2, 3, 2, 2, 1, 2]","[0, 0, 0, 0, 0, 0, 0, 0, 0, 0, 0, 0, 0, 0, 0, 0, 0, 0, 0]"
25,0.083928414,"[0, 0, 0, 31, 2, 1, 3, 2, 2, 1, 2, 1, 2, 2, 3, 2, 2, 1, 3]","[0, 0, 0, 32, 4, 4, 4, 4, 4, 4, 4, 4, 4, 4, 4, 4, 4, 4, 4]","[0, 0, 0, 0, 0, 0, 0, 0, 0, 0, 0, 0, 0, 0, 0, 0, 0, 0, 0]","[0, 0, 0, 0, 0, 0, 0, 0, 0, 0, 0, 0, 0, 0, 0, 0, 0, 0, 0]"
26,0.087622166,"[0, 0, 0, 0, 0, 0, 0, 0, 0, 0, 0, 0, 0, 0, 0, 0, 0, 0, 0]","[0, 0, 0, 0, 0, 0, 0, 0, 0, 33, 6, 6, 6, 6, 6, 7, 6, 6, 6]","[0, 0, 0, 0, 0, 1, 31, 5, 4, 4, 4, 2, 4, 5, 5, 4, 4, 4, 4]","[0, 0, 0, 0, 0, 0, 0, 0, 0, 0, 0, 0, 0, 0, 0, 0, 0, 0, 0]"
27,0.088318262,"[0, 0, 0, 0, 0, 0, 0, 0, 0, 0, 0, 0, 0, 0, 0, 0, 0, 0, 0]","[0, 0, 0, 0, 0, 0, 0, 0, 0, 0, 0, 0, 0, 0, 0, 0, 0, 0, 0]","[0, 0, 0, 0, 0, 0, 0, 0, 0, 0, 0, 0, 0, 0, 0, 0, 0, 0, 0]","[0, 0, 0, 0, 0, 0, 0, 0, 0, 0, 0, 17, 17, 8, 7, 8, 6, 6, 6]"
28,0.091440698,"[0, 0, 0, 31, 2, 2, 2, 2, 2, 1, 2, 1, 2, 3, 2, 2, 2, 1, 3]","[0, 0, 0, 0, 0, 0, 0, 0, 0, 0, 0, 0, 0, 0, 0, 0, 0, 0, 0]","[0, 0, 0, 27, 9, 4, 4, 4, 4, 4, 4, 3, 4, 5, 4, 4, 4, 4, 4]","[0, 0, 0, 0, 0, 0, 0, 0, 0, 0, 0, 0, 0, 0, 0, 0, 0, 0, 0]"
29,0.083636233,"[0, 0, 0, 33, 6, 6, 6, 6, 6, 6, 7, 6, 6, 6, 6, 6, 6, 6, 8]","[0, 0, 0, 0, 0, 0, 0, 0, 0, 0, 0, 0, 0, 0, 0, 0, 0, 0, 0]","[0, 0, 0, 33, 6, 6, 6, 6, 6, 6, 7, 6, 6, 6, 6, 6, 6, 7, 7]","[0, 0, 0, 0, 0, 0, 0, 0, 0, 0, 0, 0, 0, 0, 0, 0, 0, 0, 0]"
30,0.081797815,"[0, 0, 0, 31, 2, 2, 2, 2, 2, 1, 2, 1, 2, 2, 3, 2, 2, 1, 3]","[0, 0, 0, 0, 0, 0, 0, 0, 0, 0, 0, 0, 0, 0, 0, 0, 0, 0, 0]","[0, 0, 0, 0, 0, 0, 0, 0, 0, 0, 0, 0, 0, 0, 0, 0, 0, 0, 0]","[0, 0, 0, 13, 19, 6, 5, 4, 5, 4, 4, 3, 4, 4, 4, 4, 4, 4, 4]"
31,0.086703763,"[0, 0, 0, 31, 2, 1, 3, 2, 2, 1, 2, 1, 2, 3, 2, 2, 2, 2, 2]","[0, 0, 0, 31, 2, 1, 3, 2, 2, 1, 2, 1, 2, 3, 2, 2, 2, 2, 2]","[0, 0, 0, 32, 4, 3, 5, 4, 4, 3, 5, 3, 4, 5, 4, 4, 4, 4, 4]","[0, 0, 0, 0, 0, 0, 0, 0, 0, 0, 0, 0, 0, 0, 0, 0, 0, 0, 0]"
32,0.086879108,"[0, 0, 0, 33, 6, 6, 6, 6, 6, 6, 6, 6, 6, 7, 6, 6, 6, 7, 6]","[0, 0, 0, 0, 0, 0, 0, 0, 0, 0, 0, 0, 0, 0, 0, 0, 0, 0, 0]","[0, 0, 0, 0, 0, 0, 0, 0, 0, 0, 0, 0, 0, 0, 0, 0, 0, 0, 0]","[0, 0, 0, 0, 0, 0, 0, 0, 0, 0, 0, 0, 0, 0, 0, 0, 0, 0, 0]"
33,0.087879324,"[0, 0, 0, 31, 2, 2, 2, 2, 2, 1, 2, 1, 2, 3, 2, 2, 2, 2, 2]","[0, 0, 0, 0, 0, 0, 0, 0, 0, 0, 0, 0, 0, 0, 0, 0, 0, 0, 0]","[0, 0, 0, 17, 16, 2, 2, 2, 2, 1, 2, 1, 2, 2, 2, 2, 2, 2, 2]","[0, 0, 0, 0, 0, 0, 0, 0, 0, 0, 0, 2, 3, 6, 23, 7, 4, 4, 4]"
34,0.08949366,"[0, 0, 0, 31, 2, 2, 2, 2, 2, 1, 2, 1, 2, 2, 3, 2, 2, 1, 3]","[0, 0, 0, 0, 0, 0, 0, 0, 0, 30, 2, 2, 2, 2, 2, 2, 2, 2, 2]","[0, 0, 0, 0, 0, 0, 0, 0, 0, 0, 0, 0, 0, 0, 0, 0, 0, 0, 0]","[0, 0, 0, 0, 0, 0, 0, 0, 0, 0, 0, 0, 0, 0, 0, 0, 0, 0, 0]"
35,0.081128497,"[0, 0, 0, 31, 2, 2, 2, 2, 2, 1, 2, 1, 2, 3, 2, 2, 2, 1, 3]","[0, 0, 0, 0, 0, 33, 6, 7, 6, 6, 6, 6, 6, 6, 7, 6, 6, 6, 6]","[0, 0, 0, 31, 2, 2, 2, 2, 2, 1, 2, 1, 2, 2, 3, 2, 2, 1, 3]","[0, 0, 0, 0, 0, 0, 0, 0, 0, 0, 0, 0, 0, 0, 0, 0, 0, 0, 0]"
36,0.086769929,"[0, 0, 0, 0, 0, 0, 0, 0, 0, 0, 0, 0, 0, 0, 0, 0, 0, 0, 0]","[0, 0, 0, 32, 4, 4, 4, 4, 4, 4, 4, 4, 4, 4, 4, 4, 4, 4, 4]","[0, 0, 0, 0, 0, 0, 0, 0, 0, 8, 24, 1, 2, 2, 3, 2, 2, 1, 3]","[0, 0, 0, 0, 0, 0, 0, 0, 0, 0, 0, 0, 0, 0, 0, 0, 0, 0, 0]"
37,0.085634131,"[0, 0, 0, 0, 0, 0, 0, 0, 0, 0, 0, 0, 0, 0, 0, 0, 0, 0, 0]","[0, 0, 0, 0, 0, 0, 0, 0, 0, 0, 0, 0, 0, 0, 0, 0, 0, 0, 0]","[0, 0, 0, 0, 0, 0, 0, 0, 0, 30, 2, 2, 2, 2, 2, 2, 2, 2, 2]","[0, 0, 0, 0, 0, 0, 0, 0, 0, 0, 0, 0, 0, 0, 0, 0, 0, 0, 0]"
38,0.088258795,"[0, 0, 0, 31, 2, 2, 2, 2, 2, 1, 2, 1, 2, 3, 2, 2, 2, 1, 3]","[0, 0, 0, 31, 2, 2, 2, 2, 2, 1, 2, 1, 2, 2, 3, 2, 2, 1, 2]","[0, 0, 0, 0, 0, 31, 4, 5, 4, 3, 5, 3, 4, 5, 4, 4, 4, 4, 4]","[0, 0, 0, 0, 0, 0, 0, 0, 0, 0, 0, 0, 0, 0, 0, 0, 0, 0, 0]"
39,0.07941572,"[0, 0, 0, 32, 4, 4, 4, 4, 4, 4, 4, 3, 4, 5, 4, 4, 4, 4, 4]","[0, 0, 0, 0, 0, 33, 8, 6, 6, 5, 7, 6, 6, 6, 6, 6, 6, 6, 6]","[0, 0, 0, 0, 0, 0, 0, 0, 0, 0, 0, 0, 0, 0, 0, 0, 0, 0, 0]","[0, 0, 0, 0, 0, 0, 0, 0, 0, 0, 0, 0, 0, 0, 0, 0, 0, 0, 0]"
40,0.084680586,"[0, 0, 0, 33, 6, 6, 7, 6, 6, 6, 6, 6, 6, 6, 6, 7, 6, 6, 7]","[0, 0, 0, 0, 0, 0, 0, 0, 0, 0, 0, 0, 0, 0, 0, 0, 0, 0, 0]","[0, 0, 0, 25, 8, 1, 2, 3, 2, 1, 2, 1, 2, 2, 2, 3, 2, 1, 3]","[0, 0, 0, 0, 0, 0, 0, 0, 0, 7, 12, 17, 6, 2, 4, 4, 4, 4, 4]"
41,0.082312718,"[0, 0, 0, 31, 2, 1, 3, 2, 2, 1, 2, 1, 2, 3, 2, 2, 2, 2, 2]","[0, 0, 0, 0, 0, 0, 0, 0, 0, 0, 0, 0, 0, 0, 0, 0, 0, 0, 0]","[0, 0, 0, 0, 0, 0, 0, 0, 0, 0, 0, 0, 0, 0, 0, 0, 0, 0, 0]","[0, 0, 0, 0, 0, 0, 0, 0, 0, 0, 0, 0, 0, 0, 0, 0, 0, 0, 0]"
42,0.084043546,"[0, 0, 0, 31, 2, 2, 2, 2, 2, 1, 2, 1, 2, 3, 2, 2, 2, 2, 2]","[0, 0, 0, 0, 0, 0, 0, 0, 0, 0, 0, 0, 0, 0, 0, 0, 0, 0, 0]","[0, 0, 0, 0, 0, 0, 0, 0, 0, 0, 0, 0, 0, 0, 0, 0, 0, 0, 0]","[0, 0, 0, 0, 0, 0, 0, 0, 0, 0, 0, 0, 0, 0, 0, 0, 0, 0, 0]"
43,0.080979016,"[0, 0, 0, 32, 4, 4, 4, 4, 4, 4, 4, 3, 4, 5, 4, 4, 4, 4, 4]","[0, 0, 0, 0, 0, 0, 0, 0, 0, 0, 0, 0, 0, 0, 0, 0, 0, 0, 0]","[0, 0, 0, 25, 7, 1, 3, 2, 2, 1, 2, 1, 2, 2, 3, 2, 2, 1, 2]","[0, 0, 0, 0, 0, 0, 0, 0, 0, 0, 0, 0, 0, 0, 0, 0, 0, 0, 0]"
44,0.089237525,"[0, 0, 0, 31, 2, 2, 2, 2, 2, 1, 2, 1, 2, 2, 3, 2, 2, 1, 3]","[0, 0, 0, 0, 0, 31, 2, 2, 2, 1, 3, 1, 2, 2, 2, 2, 2, 2, 2]","[0, 0, 0, 0, 0, 0, 0, 0, 0, 0, 0, 0, 0, 0, 0, 0, 0, 0, 0]","[0, 0, 0, 7, 22, 4, 3, 3, 2, 1, 2, 1, 2, 2, 3, 2, 2, 1, 3]"
45,0.084816137,"[0, 0, 0, 0, 0, 0, 0, 0, 0, 0, 0, 0, 0, 0, 0, 0, 0, 0, 0]","[0, 0, 0, 0, 0, 0, 0, 0, 0, 0, 0, 33, 6, 6, 7, 8, 6, 5, 7]","[0, 0, 0, 19, 14, 1, 3, 2, 2, 1, 2, 1, 2, 3, 2, 2, 2, 2, 2]","[0, 0, 0, 0, 0, 0, 0, 0, 0, 0, 0, 0, 0, 0, 0, 0, 0, 0, 0]"
46,0.087831499,"[0, 0, 0, 31, 2, 2, 2, 2, 2, 1, 2, 1, 3, 2, 2, 2, 2, 2, 2]","[0, 0, 0, 0, 0, 0, 0, 0, 0, 0, 0, 0, 0, 0, 0, 0, 0, 0, 0]","[0, 0, 0, 0, 0, 0, 0, 0, 0, 0, 0, 0, 0, 0, 0, 0, 0, 0, 0]","[0, 0, 0, 0, 0, 0, 0, 0, 0, 0, 0, 0, 0, 0, 0, 0, 0, 0, 0]"
47,0.08371611,"[0, 0, 0, 0, 0, 0, 0, 0, 0, 0, 0, 0, 0, 0, 0, 0, 0, 0, 0]","[0, 0, 0, 0, 0, 0, 0, 0, 0, 0, 0, 30, 3, 2, 2, 2, 2, 2, 2]","[0, 0, 0, 0, 0, 0, 0, 0, 0, 0, 0, 0, 0, 0, 0, 0, 0, 0, 0]","[0, 0, 0, 7, 24, 4, 2, 2, 2, 1, 2, 1, 2, 2, 2, 2, 2, 2, 2]"
48,0.079933414,"[0, 0, 0, 33, 6, 7, 5, 7, 6, 6, 6, 6, 6, 6, 7, 6, 6, 7, 6]","[0, 0, 0, 0, 0, 0, 0, 0, 0, 0, 0, 32, 4, 4, 4, 4, 4, 4, 4]","[0, 0, 0, 0, 0, 29, 4, 2, 2, 1, 2, 1, 3, 2, 2, 2, 2, 2, 2]","[0, 0, 0, 0, 0, 0, 0, 0, 0, 0, 0, 0, 0, 0, 0, 0, 0, 0, 0]"
49,0.08184798,"[0, 0, 0, 0, 0, 0, 0, 0, 0, 0, 0, 0, 0, 0, 0, 0, 0, 0, 0]","[0, 0, 0, 0, 0, 0, 0, 0, 0, 0, 0, 0, 0, 0, 0, 0, 0, 0, 0]","[0, 0, 0, 0, 0, 0, 0, 0, 0, 0, 0, 0, 0, 0, 0, 0, 0, 0, 0]","[0, 0, 0, 0, 0, 0, 0, 0, 0, 0, 0, 0, 0, 0, 0, 0, 0, 0, 0]"
50,0.079342716,"[0, 0, 0, 31, 2, 2, 2, 2, 2, 1, 2, 1, 2, 2, 3, 2, 2, 1, 2]","[0, 0, 0, 32, 4, 4, 4, 4, 4, 3, 5, 3, 4, 4, 5, 4, 4, 4, 4]","[0, 0, 0, 0, 0, 0, 0, 0, 0, 12, 21, 1, 2, 2, 2, 2, 2, 2, 2]","[0, 0, 0, 0, 0, 10, 9, 14, 3, 1, 3, 1, 2, 2, 2, 2, 2, 2, 2]"
51,0.08454274,"[0, 0, 0, 31, 2, 2, 2, 2, 2, 1, 2, 1, 2, 2, 3, 2, 2, 1, 3]","[0, 0, 0, 32, 4, 4, 4, 4, 4, 4, 4, 3, 4, 5, 4, 4, 4, 4, 4]","[0, 0, 0, 0, 0, 0, 0, 0, 0, 0, 0, 0, 0, 0, 0, 0, 0, 0, 0]","[0, 0, 0, 0, 0, 0, 0, 0, 0, 0, 0, 0, 0, 0, 0, 0, 0, 0, 0]"
52,0.086818533,"[0, 0, 0, 0, 0, 0, 0, 0, 0, 0, 0, 0, 0, 0, 0, 0, 0, 0, 0]","[0, 0, 0, 32, 4, 4, 4, 4, 4, 4, 4, 4, 4, 4, 4, 4, 4, 4, 4]","[0, 0, 0, 0, 0, 0, 0, 0, 0, 0, 0, 0, 0, 0, 0, 0, 0, 0, 0]","[0, 0, 0, 0, 0, 0, 0, 0, 0, 0, 0, 0, 0, 0, 0, 0, 0, 0, 0]"
53,0.088112156,"[0, 0, 0, 0, 0, 0, 0, 0, 0, 0, 0, 0, 0, 0, 0, 0, 0, 0, 0]","[0, 0, 0, 0, 0, 0, 0, 0, 0, 0, 0, 0, 0, 0, 0, 0, 0, 0, 0]","[0, 0, 0, 0, 0, 0, 0, 0, 0, 0, 0, 32, 4, 4, 5, 5, 4, 3, 4]","[0, 0, 0, 0, 0, 0, 0, 0, 0, 1, 0, 8, 18, 12, 7, 8, 7, 4, 8]"
54,0.084873272,"[0, 0, 0, 0, 0, 0, 0, 0, 0, 0, 0, 0, 0, 0, 0, 0, 0, 0, 0]","[0, 0, 0, 0, 0, 31, 2, 2, 2, 2, 2, 1, 2, 2, 2, 2, 2, 2, 2]","[0, 0, 0, 0, 0, 0, 0, 0, 0, 33, 6, 6, 6, 6, 6, 6, 6, 6, 7]","[0, 0, 0, 0, 0, 0, 0, 0, 0, 0, 0, 0, 0, 0, 0, 0, 0, 0, 0]"
55,0.085438184,"[0, 0, 0, 0, 0, 0, 0, 0, 0, 0, 0, 0, 0, 0, 0, 0, 0, 0, 0]","[0, 0, 0, 0, 0, 0, 0, 0, 0, 0, 0, 0, 0, 0, 0, 0, 0, 0, 0]","[0, 0, 0, 0, 0, 0, 0, 0, 0, 0, 0, 0, 0, 0, 0, 0, 0, 0, 0]","[0, 0, 0, 11, 19, 3, 4, 2, 2, 1, 2, 1, 2, 1, 2, 3, 2, 1, 2]"
56,0.079616242,"[0, 0, 0, 31, 2, 1, 3, 2, 2, 1, 2, 1, 2, 2, 3, 2, 2, 1, 2]","[0, 0, 0, 0, 0, 0, 0, 0, 0, 31, 4, 4, 4, 4, 4, 5, 4, 4, 4]","[0, 0, 0, 0, 0, 0, 0, 0, 0, 28, 11, 8, 8, 8, 9, 10, 9, 7, 8]","[0, 0, 0, 0, 0, 0, 0, 0, 0, 0, 0, 0, 0, 0, 0, 0, 0, 0, 0]"
57,0.085380579,"[0, 0, 0, 0, 0, 0, 0, 0, 0, 0, 0, 0, 0, 0, 0, 0, 0, 0, 0]","[0, 0, 0, 32, 4, 4, 4, 4, 4, 4, 4, 3, 4, 5, 4, 4, 4, 4, 4]","[0, 0, 0, 0, 0, 0, 0, 0, 0, 0, 0, 0, 0, 0, 0, 0, 0, 0, 0]","[0, 0, 0, 0, 0, 0, 0, 0, 0, 4, 21, 8, 5, 4, 5, 4, 4, 4, 4]"
58,0.086678397,"[0, 0, 0, 31, 2, 2, 2, 2, 2, 1, 2, 1, 2, 2, 3, 2, 2, 1, 2]","[0, 0, 0, 31, 2, 2, 2, 2, 2, 1, 2, 1, 2, 2, 3, 2, 2, 1, 3]","[0, 0, 0, 0, 0, 0, 0, 0, 0, 30, 6, 4, 3, 4, 4, 5, 4, 4, 4]","[0, 0, 0, 0, 0, 0, 0, 0, 0, 0, 0, 0, 0, 0, 0, 0, 0, 0, 0]"
59,0.088976973,"[0, 0, 0, 0, 0, 0, 0, 0, 0, 0, 0, 0, 0, 0, 0, 0, 0, 0, 0]","[0, 0, 0, 0, 0, 0, 0, 0, 0, 0, 0, 0, 0, 0, 0, 0, 0, 0, 0]","[0, 0, 0, 29, 4, 1, 3, 2, 2, 1, 2, 1, 2, 2, 3, 2, 2, 1, 3]","[0, 0, 0, 3, 3, 6, 20, 3, 2, 1, 3, 1, 2, 2, 2, 2, 2, 2, 2]"
60,0.083891521,"[0, 0, 0, 0, 0, 0, 0, 0, 0, 0, 0, 0, 0, 0, 0, 0, 0, 0, 0]","[0, 0, 0, 31, 2, 1, 3, 2, 2, 1, 2, 1, 2, 3, 2, 2, 2, 1, 3]","[0, 0, 0, 0, 0, 0, 0, 0, 0, 0, 0, 0, 0, 0, 0, 0, 0, 0, 0]","[0, 0, 0, 0, 0, 0, 0, 0, 0, 0, 0, 0, 0, 0, 0, 0, 0, 0, 0]"
61,0.085087091,"[0, 0, 0, 31, 2, 1, 3, 2, 2, 1, 2, 1, 2, 2, 3, 2, 2, 1, 2]","[0, 0, 0, 0, 0, 0, 0, 0, 0, 30, 2, 2, 2, 2, 2, 2, 2, 2, 2]","[0, 0, 0, 0, 0, 0, 0, 0, 0, 0, 0, 0, 0, 0, 0, 0, 0, 0, 0]","[0, 0, 0, 0, 0, 0, 0, 0, 0, 0, 0, 0, 0, 0, 0, 0, 0, 0, 0]"
62,0.085320564,"[0, 0, 0, 0, 0, 0, 0, 0, 0, 0, 0, 0, 0, 0, 0, 0, 0, 0, 0]","[0, 0, 0, 31, 2, 2, 2, 2, 2, 1, 2, 1, 2, 2, 3, 2, 2, 1, 3]","[0, 0, 0, 31, 2, 1, 3, 2, 2, 1, 2, 1, 2, 3, 1, 3, 2, 1, 3]","[0, 0, 0, 0, 0, 0, 0, 0, 0, 0, 0, 0, 0, 0, 0, 0, 0, 0, 0]"
63,0.079780874,"[0, 0, 0, 32, 4, 4, 4, 4, 4, 4, 4, 4, 4, 4, 4, 4, 4, 4, 4]","[0, 0, 0, 0, 0, 0, 0, 0, 0, 30, 3, 1, 2, 2, 2, 2, 2, 2, 2]","[0, 0, 0, 0, 0, 0, 0, 0, 0, 0, 0, 0, 0, 0, 0, 0, 0, 0, 0]","[0, 0, 0, 0, 0, 0, 0, 0, 0, 0, 0, 0, 0, 0, 0, 0, 0, 0, 0]"
64,0.085916791,"[0, 0, 0, 0, 0, 0, 0, 0, 0, 0, 0, 0, 0, 0, 0, 0, 0, 0, 0]","[0, 0, 0, 31, 2, 1, 2, 3, 2, 1, 2, 1, 2, 2, 2, 3, 2, 1, 2]","[0, 0, 0, 0, 0, 0, 0, 0, 0, 0, 0, 0, 0, 0, 0, 0, 0, 0, 0]","[0, 0, 0, 0, 0, 0, 0, 0, 0, 0, 0, 0, 0, 0, 0, 0, 0, 0, 0]"
65,0.082864161,"[0, 0, 0, 31, 2, 2, 2, 2, 2, 1, 2, 1, 2, 2, 2, 3, 2, 1, 3]","[0, 0, 0, 31, 2, 2, 2, 2, 2, 1, 2, 1, 2, 2, 3, 2, 2, 1, 3]","[0, 0, 0, 0, 0, 0, 0, 0, 0, 0, 0, 32, 4, 4, 4, 5, 5, 3, 4]","[0, 0, 0, 0, 0, 0, 0, 0, 0, 0, 0, 0, 0, 0, 0, 0, 0, 0, 0]"
66,0.087480449,"[0, 0, 0, 0, 0, 0, 0, 0, 0, 0, 0, 0, 0, 0, 0, 0, 0, 0, 0]","[0, 0, 0, 31, 2, 2, 2, 2, 2, 1, 2, 1, 2, 3, 2, 2, 2, 2, 2]","[0, 0, 0, 0, 0, 0, 0, 0, 0, 0, 0, 0, 0, 0, 0, 0, 0, 0, 0]","[0, 0, 0, 0, 0, 0, 0, 0, 0, 0, 0, 0, 0, 0, 0, 0, 0, 0, 0]"
67,0.085891169,"[0, 0, 0, 31, 2, 2, 2, 2, 2, 1, 2, 1, 2, 2, 3, 2, 2, 1, 2]","[0, 0, 0, 0, 0, 0, 0, 0, 0, 0, 0, 0, 0, 0, 0, 0, 0, 0, 0]","[0, 0, 0, 0, 0, 0, 0, 0, 0, 0, 0, 0, 0, 0, 0, 0, 0, 0, 0]","[0, 0, 0, 0, 0, 0, 0, 0, 0, 0, 0, 0, 0, 0, 0, 0, 0, 0, 0]"
68,0.090201345,"[0, 0, 0, 34, 8, 9, 9, 8, 8, 8, 8, 8, 8, 9, 9, 8, 8, 9, 8]","[0, 0, 0, 0, 0, 0, 0, 0, 0, 0, 0, 0, 0, 0, 0, 0, 0, 0, 0]","[0, 0, 0, 0, 0, 0, 0, 0, 0, 0, 0, 0, 0, 0, 0, 0, 0, 0, 0]","[0, 0, 0, 0, 0, 0, 0, 0, 0, 0, 0, 0, 0, 0, 0, 0, 0, 0, 0]"
69,0.083845264,"[0, 0, 0, 32, 4, 4, 4, 4, 4, 4, 4, 4, 4, 4, 4, 4, 4, 4, 5]","[0, 0, 0, 0, 0, 0, 0, 0, 0, 32, 4, 4, 4, 4, 4, 4, 4, 4, 4]","[0, 0, 0, 0, 0, 0, 0, 0, 0, 0, 0, 0, 0, 0, 0, 0, 0, 0, 0]","[0, 0, 0, 0, 0, 0, 0, 0, 0, 0, 0, 0, 0, 0, 0, 0, 0, 0, 0]"
70,0.086532614,"[0, 0, 0, 32, 4, 4, 4, 4, 4, 4, 4, 4, 4, 4, 4, 4, 4, 5, 3]","[0, 0, 0, 0, 0, 0, 0, 0, 0, 0, 0, 0, 0, 0, 0, 0, 0, 0, 0]","[0, 0, 0, 0, 0, 0, 0, 0, 0, 0, 0, 0, 0, 0, 0, 0, 0, 0, 0]","[0, 0, 0, 0, 0, 0, 0, 0, 0, 0, 0, 9, 12, 12, 2, 3, 2, 2, 2]"
71,0.091044574,"[0, 0, 0, 0, 0, 0, 0, 0, 0, 0, 0, 0, 0, 0, 0, 0, 0, 0, 0]","[0, 0, 0, 0, 0, 0, 0, 0, 0, 0, 0, 0, 0, 0, 0, 0, 0, 0, 0]","[0, 0, 0, 0, 0, 0, 0, 0, 0, 0, 0, 0, 0, 0, 0, 0, 0, 0, 0]","[0, 0, 0, 0, 0, 4, 21, 10, 6, 3, 5, 3, 4, 2, 4, 5, 4, 3, 4]"
72,0.078730365,"[0, 0, 0, 32, 4, 4, 4, 4, 4, 4, 4, 3, 4, 4, 5, 4, 4, 4, 4]","[0, 0, 0, 0, 0, 0, 0, 0, 0, 0, 0, 0, 0, 0, 0, 0, 0, 0, 0]","[0, 0, 0, 28, 5, 2, 2, 2, 2, 1, 2, 1, 2, 3, 2, 2, 2, 1, 2]","[0, 0, 0, 0, 0, 0, 0, 0, 0, 0, 0, 0, 0, 0, 0, 0, 0, 0, 0]"
73,0.087569182,"[0, 0, 0, 31, 2, 1, 3, 2, 2, 1, 2, 1, 2, 3, 2, 2, 2, 2, 2]","[0, 0, 0, 0, 0, 0, 0, 0, 0, 32, 4, 3, 5, 4, 4, 4, 4, 4, 4]","[0, 0, 0, 0, 0, 0, 0, 0, 0, 0, 0, 0, 0, 0, 0, 0, 0, 0, 0]","[0, 0, 0, 0, 0, 0, 0, 0, 0, 0, 0, 0, 0, 0, 0, 0, 0, 0, 0]"
74,0.087366392,"[0, 0, 0, 0, 0, 0, 0, 0, 0, 0, 0, 0, 0, 0, 0, 0, 0, 0, 0]","[0, 0, 0, 0, 0, 0, 0, 0, 0, 0, 0, 0, 0, 0, 0, 0, 0, 0, 0]","[0, 0, 0, 31, 6, 7, 6, 7, 6, 6, 6, 6, 6, 6, 6, 6, 6, 6, 7]","[0, 0, 0, 0, 0, 0, 0, 0, 0, 0, 0, 0, 0, 0, 0, 0, 0, 0, 0]"
75,0.08381101,"[0, 0, 0, 0, 0, 0, 0, 0, 0, 0, 0, 0, 0, 0, 0, 0, 0, 0, 0]","[0, 0, 0, 0, 0, 0, 0, 0, 0, 0, 0, 0, 0, 0, 0, 0, 0, 0, 0]","[0, 0, 0, 0, 0, 0, 0, 0, 0, 0, 0, 0, 0, 0, 0, 0, 0, 0, 0]","[0, 0, 0, 0, 0, 1, 0, 0, 0, 8, 8, 21, 7, 6, 5, 7, 6, 6, 6]"
76,0.090101747,"[0, 0, 0, 31, 2, 1, 3, 2, 2, 1, 2, 1, 2, 3, 2, 2, 2, 1, 3]","[0, 0, 0, 31, 4, 4, 4, 4, 4, 4, 4, 4, 4, 4, 4, 4, 4, 4, 4]","[0, 0, 0, 0, 0, 0, 0, 0, 0, 0, 0, 0, 0, 0, 0, 0, 0, 0, 0]","[0, 0, 0, 25, 8, 2, 1, 1, 2, 1, 2, 1, 2, 2, 3, 2, 2, 1, 3]"
77,0.093839226,"[0, 0, 0, 31, 2, 2, 2, 2, 2, 1, 2, 1, 2, 2, 3, 2, 2, 2, 2]","[0, 0, 0, 31, 2, 2, 2, 2, 2, 1, 2, 1, 2, 3, 2, 2, 2, 2, 2]","[0, 0, 0, 0, 0, 0, 0, 0, 0, 0, 0, 31, 7, 6, 7, 7, 6, 6, 6]","[0, 0, 0, 7, 15, 15, 6, 4, 4, 4, 4, 3, 4, 4, 4, 4, 4, 4, 4]"
78,0.083566993,"[0, 0, 0, 0, 0, 0, 0, 0, 0, 0, 0, 0, 0, 0, 0, 0, 0, 0, 0]","[0, 0, 0, 31, 2, 1, 3, 2, 2, 1, 2, 1, 2, 2, 3, 2, 2, 2, 2]","[0, 0, 0, 0, 0, 0, 0, 0, 0, 0, 0, 0, 0, 0, 0, 0, 0, 0, 0]","[0, 0, 0, 0, 0, 0, 0, 0, 0, 1, 0, 0, 0, 0, 0, 0, 0, 0, 0]"
79,0.088996792,"[0, 0, 0, 32, 4, 4, 4, 4, 4, 4, 4, 4, 4, 4, 4, 4, 4, 4, 4]","[0, 0, 0, 0, 0, 31, 2, 2, 2, 2, 2, 1, 2, 2, 2, 2, 2, 2, 2]","[0, 0, 0, 0, 0, 0, 0, 0, 0, 0, 0, 0, 0, 0, 0, 0, 0, 0, 0]","[0, 0, 0, 0, 0, 0, 0, 0, 0, 0, 0, 0, 0, 0, 0, 0, 0, 0, 0]"
80,0.087271803,"[0, 0, 0, 0, 0, 0, 0, 0, 0, 0, 0, 0, 0, 0, 0, 0, 0, 0, 0]","[0, 0, 0, 33, 6, 6, 6, 6, 6, 6, 7, 6, 6, 6, 6, 6, 6, 6, 6]","[0, 0, 0, 32, 4, 4, 4, 4, 4, 4, 4, 4, 4, 4, 4, 4, 4, 4, 5]","[0, 0, 0, 0, 0, 0, 0, 0, 0, 0, 0, 0, 0, 0, 0, 0, 0, 0, 0]"
81,0.080511085,"[0, 0, 0, 0, 0, 0, 0, 0, 0, 0, 0, 0, 0, 0, 0, 0, 0, 0, 0]","[0, 0, 0, 31, 2, 1, 3, 2, 2, 1, 2, 1, 2, 2, 3, 2, 2, 1, 3]","[0, 0, 0, 0, 0, 0, 0, 0, 0, 0, 0, 0, 0, 0, 0, 0, 0, 0, 0]","[0, 0, 0, 0, 0, 0, 0, 0, 0, 0, 0, 0, 0, 0, 0, 0, 0, 0, 0]"
82,0.09295583,"[0, 0, 0, 31, 2, 1, 3, 2, 2, 1, 2, 1, 2, 3, 2, 2, 2, 2, 2]","[0, 0, 0, 0, 0, 0, 0, 0, 0, 0, 0, 0, 0, 0, 0, 0, 0, 0, 0]","[0, 0, 0, 0, 0, 0, 0, 0, 0, 0, 0, 0, 0, 0, 0, 0, 0, 0, 0]","[0, 0, 0, 0, 0, 0, 0, 0, 0, 0, 0, 0, 0, 0, 0, 0, 0, 0, 0]"
83,0.087901712,"[0, 0, 0, 31, 2, 1, 3, 2, 2, 1, 2, 1, 2, 2, 3, 2, 2, 2, 2]","[0, 0, 0, 31, 2, 1, 3, 2, 2, 1, 2, 1, 2, 2, 3, 2, 2, 2, 2]","[0, 0, 0, 0, 0, 0, 0, 0, 0, 13, 19, 2, 2, 2, 2, 2, 2, 2, 2]","[0, 0, 0, 0, 0, 10, 23, 9, 8, 8, 8, 8, 8, 6, 9, 9, 8, 8, 8]"
84,0.085378163,"[0, 0, 0, 0, 0, 0, 0, 0, 0, 0, 0, 0, 0, 0, 0, 0, 0, 0, 0]","[0, 0, 0, 0, 0, 0, 0, 0, 0, 0, 0, 0, 0, 0, 0, 0, 0, 0, 0]","[0, 0, 0, 0, 0, 0, 0, 0, 0, 0, 0, 0, 0, 0, 0, 0, 0, 0, 0]","[0, 0, 0, 0, 0, 0, 0, 0, 0, 0, 0, 0, 0, 0, 0, 0, 0, 0, 0]"
85,0.087456906,"[0, 0, 0, 0, 0, 0, 0, 0, 0, 0, 0, 0, 0, 0, 0, 0, 0, 0, 0]","[0, 0, 0, 0, 0, 0, 0, 0, 0, 0, 0, 0, 0, 0, 0, 0, 0, 0, 0]","[0, 0, 0, 31, 2, 2, 2, 2, 2, 1, 2, 1, 2, 2, 3, 2, 2, 1, 2]","[0, 0, 0, 1, 0, 20, 10, 6, 6, 4, 4, 3, 4, 4, 5, 4, 4, 4, 4]"
86,0.092053208,"[0, 0, 0, 31, 2, 1, 3, 2, 2, 1, 2, 1, 2, 3, 2, 2, 2, 1, 3]","[0, 0, 0, 0, 0, 0, 0, 0, 0, 0, 0, 0, 0, 0, 0, 0, 0, 0, 0]","[0, 0, 0, 0, 0, 0, 0, 0, 0, 0, 0, 0, 0, 0, 0, 0, 0, 0, 0]","[0, 0, 0, 0, 0, 0, 0, 0, 0, 0, 0, 0, 0, 0, 0, 0, 0, 0, 0]"
87,0.087887661,"[0, 0, 0, 31, 2, 2, 2, 2, 2, 1, 2, 1, 2, 3, 2, 2, 2, 2, 2]","[0, 0, 0, 0, 0, 0, 0, 0, 0, 0, 0, 0, 0, 0, 0, 0, 0, 0, 0]","[0, 0, 0, 0, 0, 34, 8, 9, 8, 8, 9, 8, 8, 8, 9, 8, 8, 8, 10]","[0, 0, 0, 0, 0, 0, 0, 0, 0, 0, 0, 0, 0, 0, 0, 0, 0, 0, 0]"
88,0.088458436,"[0, 0, 0, 31, 2, 2, 2, 2, 2, 1, 2, 1, 2, 3, 2, 2, 2, 2, 2]","[0, 0, 0, 0, 0, 0, 0, 0, 0, 16, 16, 2, 2, 2, 2, 2, 2, 2, 2]","[0, 0, 0, 0, 0, 0, 0, 0, 0, 0, 0, 0, 0, 0, 0, 0, 0, 0, 0]","[0, 0, 0, 0, 0, 12, 22, 4, 5, 5, 4, 4, 4, 4, 4, 4, 4, 4, 4]"
89,0.082534397,"[0, 0, 0, 0, 0, 0, 0, 0, 0, 0, 0, 0, 0, 0, 0, 0, 0, 0, 0]","[0, 0, 0, 0, 0, 0, 0, 0, 0, 0, 0, 0, 0, 0, 0, 0, 0, 0, 0]","[0, 0, 0, 0, 0, 0, 0, 0, 0, 0, 0, 0, 0, 0, 0, 0, 0, 0, 0]","[0, 0, 0, 0, 0, 0, 0, 0, 0, 0, 0, 14, 15, 4, 3, 3, 2, 1, 2]"
90,0.090116063,"[0, 0, 0, 31, 2, 2, 2, 2, 2, 1, 2, 1, 2, 2, 3, 2, 2, 2, 2]","[0, 0, 0, 0, 0, 0, 0, 0, 0, 0, 0, 0, 0, 0, 0, 0, 0, 0, 0]","[0, 0, 0, 0, 0, 0, 0, 0, 0, 30, 6, 4, 4, 4, 4, 4, 4, 4, 5]","[0, 0, 0, 0, 0, 0, 0, 0, 0, 0, 0, 0, 0, 0, 0, 0, 0, 0, 0]"
91,0.085425675,"[0, 0, 0, 0, 0, 0, 0, 0, 0, 0, 0, 0, 0, 0, 0, 0, 0, 0, 0]","[0, 0, 0, 0, 0, 0, 0, 0, 0, 31, 2, 1, 2, 2, 2, 2, 2, 2, 2]","[0, 0, 0, 32, 4, 3, 5, 4, 4, 4, 4, 3, 4, 5, 4, 4, 4, 4, 4]","[0, 0, 0, 0, 0, 0, 0, 0, 0, 0, 0, 0, 0, 0, 0, 0, 0, 0, 0]"
92,0.085162605,"[0, 0, 0, 33, 6, 7, 6, 6, 6, 6, 6, 6, 6, 6, 6, 7, 6, 6, 7]","[0, 0, 0, 0, 0, 0, 0, 0, 0, 0, 0, 0, 0, 0, 0, 0, 0, 0, 0]","[0, 0, 0, 0, 0, 0, 0, 0, 0, 0, 0, 0, 0, 0, 0, 0, 0, 0, 0]","[0, 0, 0, 10, 18, 5, 3, 2, 2, 1, 2, 1, 2, 1, 3, 2, 2, 1, 3]"
93,0.082815533,"[0, 0, 0, 31, 2, 1, 3, 2, 2, 1, 2, 1, 2, 2, 3, 2, 2, 1, 3]","[0, 0, 0, 0, 0, 0, 0, 0, 0, 31, 5, 3, 4, 4, 5, 4, 4, 4, 4]","[0, 0, 0, 0, 0, 0, 0, 0, 0, 0, 0, 0, 0, 0, 0, 0, 0, 0, 0]","[0, 0, 0, 0, 0, 0, 0, 0, 0, 0, 0, 0, 0, 0, 0, 0, 0, 0, 0]"
94,0.084694392,"[0, 0, 0, 33, 6, 6, 7, 6, 6, 6, 6, 6, 6, 6, 7, 6, 6, 6, 7]","[0, 0, 0, 0, 0, 31, 2, 2, 2, 1, 2, 2, 2, 2, 2, 2, 2, 2, 2]","[0, 0, 0, 0, 0, 0, 0, 0, 0, 22, 17, 6, 6, 6, 7, 6, 6, 6, 6]","[0, 0, 0, 0, 0, 0, 0, 0, 0, 0, 0, 0, 0, 0, 0, 0, 0, 0, 0]"
95,0.090482537,"[0, 0, 0, 31, 2, 2, 2, 2, 2, 1, 2, 1, 2, 2, 3, 2, 2, 1, 3]","[0, 0, 0, 32, 4, 4, 4, 4, 4, 3, 5, 3, 4, 5, 4, 4, 4, 4, 4]","[0, 0, 0, 0, 0, 0, 0, 0, 0, 0, 0, 0, 0, 0, 0, 0, 0, 0, 0]","[0, 0, 0, 0, 0, 0, 0, 0, 0, 0, 0, 0, 0, 0, 0, 0, 0, 0, 0]"
96,0.087126981,"[0, 0, 0, 31, 2, 2, 2, 2, 2, 1, 2, 1, 2, 2, 3, 2, 2, 2, 2]","[0, 0, 0, 33, 6, 7, 6, 6, 6, 6, 6, 6, 6, 7, 6, 6, 6, 6, 7]","[0, 0, 0, 0, 0, 0, 0, 0, 0, 0, 0, 0, 0, 0, 0, 0, 0, 0, 0]","[0, 0, 0, 7, 20, 9, 4, 4, 4, 4, 4, 4, 4, 4, 4, 4, 4, 4, 4]"
97,0.090069728,"[0, 0, 0, 32, 4, 4, 4, 4, 4, 4, 4, 4, 4, 4, 4, 4, 4, 4, 5]","[0, 0, 0, 0, 0, 0, 0, 0, 0, 0, 0, 0, 0, 0, 0, 0, 0, 0, 0]","[0, 0, 0, 0, 0, 0, 0, 0, 0, 0, 0, 0, 0, 0, 0, 0, 0, 0, 0]","[0, 0, 0, 7, 10, 16, 4, 2, 2, 1, 2, 1, 2, 3, 2, 2, 2, 2, 2]"
98,0.08221341,"[0, 0, 0, 0, 0, 0, 0, 0, 0, 0, 0, 0, 0, 0, 0, 0, 0, 0, 0]","[0, 0, 0, 0, 0, 33, 7, 6, 6, 6, 6, 6, 6, 6, 7, 6, 6, 6, 7]","[0, 0, 0, 0, 0, 26, 10, 4, 4, 3, 5, 3, 4, 5, 4, 4, 4, 4, 4]","[0, 0, 0, 0, 0, 0, 0, 0, 0, 0, 0, 0, 0, 0, 0, 0, 0, 0, 0]"
99,0.083655652,"[0, 0, 0, 31, 2, 1, 3, 2, 2, 1, 2, 1, 2, 2, 3, 2, 2, 1, 2]","[0, 0, 0, 0, 0, 0, 0, 0, 0, 30, 3, 1, 2, 2, 2, 2, 2, 2, 2]","[0, 0, 0, 0, 0, 0, 0, 0, 0, 0, 0, 0, 0, 0, 0, 0, 0, 0, 0]","[0, 0, 0, 0, 0, 0, 0, 0, 0, 0, 0, 0, 0, 0, 0, 0, 0, 0, 0]"
100,0.083475326,"[0, 0, 0, 31, 2, 2, 2, 2, 2, 1, 2, 1, 2, 2, 3, 2, 2, 1, 2]","[0, 0, 0, 0, 0, 33, 7, 6, 6, 6, 6, 6, 6, 6, 7, 6, 6, 6, 7]","[0, 0, 0, 1, 0, 0, 31, 2, 2, 1, 2, 1, 2, 2, 3, 2, 2, 1, 2]","[0, 0, 0, 0, 0, 0, 0, 0, 0, 0, 0, 0, 0, 0, 0, 0, 0, 0, 0]"
101,0.089671256,"[0, 0, 0, 0, 0, 0, 0, 0, 0, 0, 0, 0, 0, 0, 0, 0, 0, 0, 0]","[0, 0, 0, 32, 4, 4, 4, 4, 4, 4, 4, 3, 4, 5, 4, 4, 4, 4, 4]","[0, 0, 0, 0, 0, 0, 0, 0, 0, 0, 0, 0, 0, 0, 0, 0, 0, 0, 0]","[0, 0, 0, 0, 0, 0, 0, 0, 0, 0, 0, 0, 0, 0, 0, 0, 0, 0, 0]"
102,0.087939045,"[0, 0, 0, 32, 4, 4, 4, 4, 4, 4, 4, 3, 4, 5, 4, 4, 4, 4, 4]","[0, 0, 0, 0, 0, 0, 0, 0, 0, 0, 0, 0, 0, 0, 0, 0, 0, 0, 0]","[0, 0, 0, 0, 0, 0, 0, 0, 0, 27, 7, 4, 4, 4, 4, 5, 4, 4, 4]","[0, 0, 0, 2, 16, 13, 2, 3, 2, 1, 3, 1, 2, 2, 2, 2, 2, 2, 2]"
103,0.079984567,"[0, 0, 0, 31, 2, 1, 3, 2, 2, 1, 2, 1, 2, 2, 3, 2, 2, 1, 2]","[0, 0, 0, 0, 0, 32, 6, 6, 6, 6, 7, 6, 6, 6, 6, 6, 6, 6, 6]","[0, 0, 0, 31, 2, 2, 2, 2, 2, 1, 2, 1, 2, 2, 3, 2, 2, 1, 2]","[0, 0, 0, 0, 0, 0, 0, 0, 0, 0, 0, 0, 0, 0, 0, 0, 0, 0, 0]"
104,0.093048578,"[0, 0, 0, 31, 2, 2, 2, 2, 2, 1, 2, 1, 2, 3, 2, 2, 2, 2, 2]","[0, 0, 0, 0, 0, 0, 0, 0, 0, 0, 0, 0, 0, 0, 0, 0, 0, 0, 0]","[0, 0, 0, 0, 0, 0, 0, 0, 0, 0, 0, 0, 0, 0, 0, 0, 0, 0, 0]","[0, 0, 0, 0, 0, 0, 0, 0, 0, 1, 0, 0, 0, 0, 0, 0, 0, 8, 21]"
105,0.087667813,"[0, 0, 0, 31, 2, 2, 2, 2, 2, 1, 2, 1, 2, 2, 3, 2, 2, 2, 2]","[0, 0, 0, 0, 0, 0, 0, 0, 0, 0, 0, 0, 0, 0, 0, 0, 0, 0, 0]","[0, 0, 0, 0, 0, 0, 0, 0, 0, 0, 0, 0, 0, 0, 0, 0, 0, 0, 0]","[0, 0, 0, 0, 0, 0, 0, 0, 0, 0, 0, 0, 0, 0, 0, 0, 0, 0, 0]"
106,0.087976474,"[0, 0, 0, 0, 0, 0, 0, 0, 0, 32, 4, 4, 4, 4, 4, 4, 4, 4, 4]","[0, 0, 0, 31, 2, 2, 2, 2, 2, 1, 2, 1, 2, 2, 3, 2, 2, 1, 3]","[0, 0, 0, 32, 4, 3, 5, 4, 4, 4, 4, 3, 4, 5, 4, 4, 4, 4, 4]","[0, 0, 0, 0, 0, 0, 0, 0, 0, 0, 0, 0, 0, 0, 0, 0, 0, 0, 0]"
107,0.098909026,"[0, 0, 0, 0, 0, 0, 0, 0, 0, 0, 0, 0, 0, 0, 0, 0, 0, 0, 0]","[0, 0, 0, 32, 4, 4, 4, 4, 4, 4, 4, 3, 4, 5, 4, 4, 4, 4, 4]","[0, 0, 0, 0, 0, 0, 0, 0, 0, 26, 6, 2, 2, 2, 2, 2, 2, 2, 2]","[0, 0, 0, 0, 0, 0, 0, 0, 0, 0, 0, 0, 0, 0, 0, 0, 0, 0, 0]"
108,0.093911855,"[0, 0, 0, 32, 4, 4, 4, 4, 4, 4, 4, 4, 4, 4, 4, 4, 4, 4, 5]","[0, 0, 0, 32, 4, 3, 5, 4, 4, 3, 5, 3, 4, 5, 4, 4, 4, 4, 4]","[0, 0, 0, 25, 8, 1, 3, 2, 2, 1, 2, 1, 2, 2, 2, 2, 2, 2, 2]","[0, 0, 0, 0, 0, 0, 0, 0, 0, 0, 0, 0, 0, 0, 0, 0, 0, 0, 0]"
109,0.083937724,"[0, 0, 0, 0, 0, 0, 0, 0, 0, 0, 0, 0, 0, 0, 0, 0, 0, 0, 0]","[0, 0, 0, 32, 4, 3, 5, 4, 4, 4, 4, 3, 4, 4, 4, 5, 4, 4, 4]","[0, 0, 0, 0, 0, 31, 2, 2, 2, 1, 2, 2, 2, 2, 2, 2, 2, 2, 2]","[0, 0, 0, 0, 0, 0, 0, 0, 0, 0, 0, 0, 0, 0, 0, 0, 0, 0, 0]"
110,0.090312382,"[0, 0, 0, 35, 10, 10, 10, 10, 10, 12, 11, 10, 10, 10, 10, 10, 10, 12, 11]","[0, 0, 0, 33, 6, 6, 7, 6, 6, 6, 6, 6, 6, 7, 6, 6, 6, 6, 6]","[0, 0, 0, 28, 9, 6, 6, 7, 6, 6, 6, 6, 6, 6, 7, 6, 6, 6, 6]","[0, 0, 0, 0, 0, 0, 0, 0, 0, 0, 0, 0, 0, 0, 0, 0, 0, 0, 0]"
111,0.085701893,"[0, 0, 0, 0, 0, 0, 0, 0, 0, 0, 0, 0, 0, 0, 0, 0, 0, 0, 0]","[0, 0, 0, 0, 0, 0, 0, 0, 0, 0, 0, 0, 0, 0, 0, 0, 0, 0, 0]","[0, 0, 0, 17, 16, 1, 2, 3, 2, 1, 2, 1, 2, 2, 3, 2, 2, 1, 2]","[0, 0, 0, 0, 0, 0, 0, 0, 0, 0, 0, 0, 0, 0, 0, 0, 0, 0, 0]"
112,0.090274073,"[0, 0, 0, 0, 0, 0, 0, 0, 0, 32, 4, 4, 4, 4, 4, 4, 4, 4, 4]","[0, 0, 0, 32, 4, 4, 4, 4, 4, 4, 4, 3, 4, 5, 4, 4, 4, 4, 4]","[0, 0, 0, 0, 0, 0, 0, 0, 0, 0, 0, 0, 0, 0, 0, 0, 0, 0, 0]","[0, 0, 0, 11, 14, 12, 3, 2, 5, 4, 4, 3, 4, 4, 4, 4, 4, 4, 5]"
113,0.084313008,"[0, 0, 0, 31, 2, 1, 3, 2, 2, 1, 2, 1, 2, 2, 3, 2, 2, 1, 3]","[0, 0, 0, 31, 2, 2, 2, 2, 2, 1, 2, 1, 2, 3, 2, 2, 2, 2, 2]","[0, 0, 0, 29, 4, 2, 2, 2, 2, 1, 2, 1, 2, 2, 3, 2, 2, 1, 3]","[0, 0, 0, 0, 0, 0, 0, 0, 0, 0, 0, 0, 0, 0, 0, 0, 0, 0, 0]"
114,0.0873638,"[0, 0, 0, 33, 6, 6, 7, 6, 6, 6, 6, 6, 6, 6, 7, 6, 6, 7, 6]","[0, 0, 0, 0, 0, 31, 2, 2, 2, 2, 2, 1, 2, 2, 2, 2, 2, 2, 2]","[0, 0, 0, 0, 0, 0, 0, 0, 0, 0, 0, 0, 0, 0, 0, 0, 0, 0, 0]","[0, 0, 0, 0, 0, 0, 0, 0, 0, 0, 0, 0, 0, 0, 0, 0, 0, 0, 0]"
115,0.085925398,"[0, 0, 0, 32, 4, 4, 4, 4, 4, 4, 4, 4, 4, 4, 4, 4, 4, 4, 5]","[0, 0, 0, 32, 4, 3, 5, 4, 4, 4, 4, 3, 4, 4, 5, 4, 4, 4, 4]","[0, 0, 0, 31, 2, 1, 3, 2, 2, 1, 2, 1, 2, 2, 2, 2, 2, 2, 2]","[0, 0, 0, 8, 17, 8, 3, 3, 2, 1, 2, 1, 2, 2, 3, 2, 2, 1, 2]"
116,0.08513746,"[0, 0, 0, 0, 0, 0, 0, 0, 0, 0, 0, 0, 0, 0, 0, 0, 0, 0, 0]","[0, 0, 0, 0, 0, 0, 0, 0, 0, 30, 2, 2, 2, 2, 2, 2, 2, 2, 2]","[0, 0, 0, 0, 0, 0, 0, 0, 0, 0, 0, 0, 0, 0, 0, 0, 0, 0, 0]","[0, 0, 0, 0, 0, 0, 0, 0, 0, 0, 0, 2, 4, 3, 16, 10, 3, 1, 2]"
117,0.086141961,"[0, 0, 0, 31, 2, 2, 2, 2, 2, 1, 2, 1, 2, 3, 2, 2, 2, 1, 2]","[0, 0, 0, 0, 0, 0, 0, 0, 0, 0, 0, 0, 0, 0, 0, 0, 0, 0, 0]","[0, 0, 0, 0, 0, 0, 0, 0, 0, 0, 0, 0, 0, 0, 0, 0, 0, 0, 0]","[0, 0, 0, 0, 0, 0, 0, 0, 0, 0, 0, 0, 0, 0, 0, 0, 0, 0, 0]"
118,0.08528213,"[0, 0, 0, 31, 2, 2, 2, 2, 2, 1, 2, 1, 2, 2, 3, 2, 2, 2, 2]","[0, 0, 0, 0, 0, 0, 0, 0, 0, 0, 0, 0, 0, 0, 0, 0, 0, 0, 0]","[0, 0, 0, 0, 0, 0, 0, 0, 0, 0, 0, 0, 0, 0, 0, 0, 0, 0, 0]","[0, 0, 0, 0, 0, 0, 0, 0, 0, 0, 0, 0, 0, 0, 0, 0, 0, 0, 0]"
119,0.090164681,"[0, 0, 0, 31, 2, 2, 2, 2, 2, 1, 2, 1, 2, 3, 2, 2, 2, 2, 2]","[0, 0, 0, 31, 2, 2, 2, 2, 2, 1, 2, 1, 2, 2, 3, 2, 2, 1, 2]","[0, 0, 0, 0, 0, 0, 0, 0, 0, 0, 0, 0, 0, 0, 0, 0, 0, 0, 0]","[0, 0, 0, 0, 0, 0, 0, 0, 0, 0, 0, 0, 0, 0, 0, 0, 0, 0, 0]"
120,0.085814438,"[0, 0, 0, 0, 0, 0, 0, 0, 0, 0, 0, 0, 0, 0, 0, 0, 0, 0, 0]","[0, 0, 0, 32, 4, 4, 4, 4, 4, 4, 4, 3, 4, 5, 4, 4, 4, 4, 4]","[0, 0, 0, 33, 6, 6, 6, 6, 6, 6, 6, 6, 6, 6, 7, 7, 6, 6, 6]","[0, 0, 0, 0, 0, 0, 0, 0, 0, 0, 0, 0, 0, 0, 0, 0, 0, 0, 0]"
121,0.082602159,"[0, 0, 0, 31, 2, 1, 3, 2, 2, 1, 2, 1, 2, 3, 2, 2, 2, 2, 2]","[0, 0, 0, 0, 0, 31, 2, 2, 2, 1, 3, 1, 2, 2, 2, 2, 2, 2, 2]","[0, 0, 0, 0, 0, 0, 0, 0, 0, 0, 0, 0, 0, 0, 0, 0, 0, 0, 0]","[0, 0, 0, 0, 0, 0, 0, 0, 0, 0, 0, 0, 0, 0, 0, 0, 0, 0, 0]"
122,0.083225713,"[0, 0, 0, 0, 0, 0, 0, 0, 0, 0, 0, 0, 0, 0, 0, 0, 0, 0, 0]","[0, 0, 0, 31, 2, 2, 2, 2, 2, 1, 2, 1, 2, 2, 3, 2, 2, 2, 2]","[0, 0, 0, 0, 0, 30, 3, 2, 2, 1, 2, 2, 2, 2, 2, 2, 2, 2, 2]","[0, 0, 0, 0, 0, 0, 0, 0, 0, 0, 0, 0, 0, 0, 0, 0, 0, 0, 0]"
123,0.084607126,"[0, 0, 0, 0, 0, 31, 2, 2, 2, 2, 2, 1, 2, 2, 2, 2, 2, 2, 2]","[0, 0, 0, 31, 2, 2, 2, 2, 2, 1, 2, 1, 2, 2, 3, 2, 2, 1, 2]","[0, 0, 0, 0, 0, 0, 0, 0, 0, 0, 0, 0, 0, 0, 0, 0, 0, 0, 0]","[0, 0, 0, 0, 0, 0, 0, 0, 0, 0, 0, 0, 0, 0, 0, 0, 0, 0, 0]"
124,0.084706807,"[0, 0, 0, 33, 6, 6, 6, 6, 6, 6, 6, 6, 6, 7, 6, 6, 6, 7, 6]","[0, 0, 0, 0, 0, 31, 2, 2, 2, 1, 3, 1, 2, 2, 2, 2, 2, 2, 2]","[0, 0, 0, 0, 0, 0, 0, 0, 0, 0, 0, 0, 0, 0, 0, 0, 0, 0, 0]","[0, 0, 0, 0, 0, 0, 0, 0, 0, 0, 0, 0, 0, 0, 0, 0, 0, 0, 0]"
125,0.086454216,"[0, 0, 0, 0, 0, 0, 0, 0, 0, 0, 0, 0, 0, 0, 0, 0, 0, 0, 0]","[0, 0, 0, 32, 4, 4, 4, 4, 4, 4, 4, 4, 4, 4, 4, 4, 4, 5, 4]","[0, 0, 0, 22, 12, 4, 4, 4, 4, 4, 4, 4, 4, 4, 4, 4, 4, 4, 4]","[0, 0, 0, 1, 0, 4, 3, 6, 17, 4, 3, 1, 2, 2, 3, 2, 2, 1, 2]"
126,0.089715641,"[0, 0, 0, 31, 2, 2, 2, 2, 2, 1, 2, 1, 2, 3, 2, 2, 2, 1, 3]","[0, 0, 0, 31, 2, 1, 3, 1, 3, 1, 2, 1, 2, 2, 3, 2, 2, 1, 2]","[0, 0, 0, 0, 0, 0, 0, 0, 0, 0, 0, 0, 0, 0, 0, 0, 0, 0, 0]","[0, 0, 0, 0, 0, 0, 0, 0, 0, 5, 21, 7, 3, 2, 2, 2, 2, 2, 2]"
127,0.083365771,"[0, 0, 0, 0, 0, 0, 0, 0, 0, 0, 0, 0, 0, 0, 0, 0, 0, 0, 0]","[0, 0, 0, 0, 0, 0, 0, 0, 0, 30, 3, 1, 2, 2, 2, 2, 2, 2, 2]","[0, 0, 0, 0, 0, 0, 0, 0, 0, 29, 4, 1, 2, 2, 2, 2, 2, 2, 2]","[0, 0, 0, 0, 0, 0, 0, 0, 0, 0, 0, 0, 0, 0, 0, 0, 0, 0, 0]"
128,0.076057539,"[0, 0, 0, 0, 0, 0, 0, 0, 0, 0, 0, 0, 0, 0, 0, 0, 0, 0, 0]","[0, 0, 0, 0, 0, 0, 0, 0, 0, 0, 0, 0, 0, 0, 0, 0, 0, 0, 0]","[0, 0, 0, 26, 7, 2, 2, 2, 2, 1, 2, 1, 2, 3, 2, 2, 2, 1, 3]","[0, 0, 0, 0, 0, 0, 0, 0, 0, 13, 12, 10, 4, 2, 4, 6, 4, 3, 4]"
129,0.081707533,"[0, 0, 0, 31, 2, 2, 2, 2, 2, 1, 2, 1, 2, 2, 3, 2, 2, 2, 2]","[0, 0, 0, 32, 4, 4, 4, 4, 4, 4, 4, 4, 4, 4, 4, 4, 4, 4, 4]","[0, 0, 0, 0, 0, 0, 0, 0, 0, 0, 0, 0, 0, 0, 0, 0, 0, 28, 8]","[0, 0, 0, 0, 0, 0, 0, 0, 0, 18, 12, 6, 5, 3, 4, 4, 5, 4, 4]"
130,0.09049236,"[0, 0, 0, 0, 0, 0, 0, 0, 0, 0, 0, 0, 0, 0, 0, 0, 0, 0, 0]","[0, 0, 0, 0, 0, 0, 0, 0, 0, 0, 0, 0, 0, 0, 0, 0, 0, 0, 0]","[0, 0, 0, 0, 0, 0, 0, 0, 0, 0, 0, 0, 0, 0, 0, 0, 0, 0, 0]","[0, 0, 0, 0, 0, 0, 0, 0, 0, 0, 0, 0, 0, 0, 0, 0, 0, 0, 0]"
131,0.084680586,"[0, 0, 0, 34, 8, 9, 9, 8, 8, 8, 8, 8, 8, 8, 10, 8, 8, 8, 9]","[0, 0, 0, 31, 2, 2, 2, 2, 2, 1, 2, 1, 2, 2, 3, 2, 2, 1, 3]","[0, 0, 0, 0, 0, 0, 0, 0, 0, 0, 0, 0, 0, 0, 0, 0, 0, 0, 0]","[0, 0, 0, 0, 0, 0, 0, 0, 0, 0, 0, 0, 0, 0, 0, 0, 0, 0, 0]"
132,0.08694078,"[0, 0, 0, 32, 4, 4, 4, 4, 4, 4, 4, 4, 4, 4, 4, 4, 4, 5, 4]","[0, 0, 0, 0, 0, 0, 0, 0, 0, 0, 0, 0, 0, 0, 0, 0, 0, 0, 0]","[0, 0, 0, 0, 0, 0, 0, 0, 0, 0, 0, 0, 0, 0, 0, 0, 0, 0, 0]","[0, 0, 0, 0, 0, 0, 0, 0, 0, 0, 0, 0, 0, 0, 0, 0, 0, 0, 0]"
133,0.086382708,"[0, 0, 0, 31, 2, 2, 2, 2, 2, 1, 2, 1, 2, 2, 3, 2, 2, 2, 2]","[0, 0, 0, 30, 3, 2, 2, 2, 2, 1, 2, 1, 2, 3, 2, 2, 2, 2, 2]","[0, 0, 0, 14, 20, 4, 4, 4, 4, 4, 4, 4, 4, 4, 4, 4, 4, 4, 4]","[0, 0, 0, 0, 0, 0, 0, 0, 0, 0, 0, 0, 0, 0, 0, 0, 0, 0, 0]"
134,0.081309247,"[0, 0, 0, 31, 2, 1, 2, 3, 2, 1, 2, 1, 2, 2, 3, 2, 2, 1, 2]","[0, 0, 0, 5, 26, 2, 2, 2, 2, 1, 3, 1, 2, 2, 2, 2, 2, 2, 2]","[0, 0, 0, 25, 8, 1, 3, 2, 2, 1, 2, 1, 2, 2, 3, 2, 2, 1, 3]","[0, 0, 0, 11, 16, 5, 2, 2, 2, 1, 2, 1, 2, 2, 3, 2, 2, 1, 2]"
135,0.086629692,"[0, 0, 0, 0, 0, 0, 0, 0, 0, 0, 0, 0, 0, 0, 0, 0, 0, 0, 0]","[0, 0, 0, 0, 0, 0, 0, 0, 0, 0, 0, 32, 6, 6, 7, 6, 6, 6, 6]","[0, 0, 0, 0, 0, 0, 0, 0, 0, 0, 0, 0, 0, 0, 0, 0, 0, 0, 0]","[0, 0, 0, 25, 6, 4, 2, 2, 2, 1, 2, 1, 2, 2, 3, 2, 2, 1, 3]"
136,0.083287412,"[0, 0, 0, 31, 2, 2, 2, 2, 2, 1, 2, 1, 2, 3, 2, 2, 2, 2, 2]","[0, 0, 0, 33, 9, 8, 8, 8, 8, 8, 8, 8, 8, 9, 9, 9, 8, 8, 8]","[0, 0, 0, 0, 0, 0, 0, 0, 0, 0, 0, 0, 0, 0, 0, 0, 0, 0, 0]","[0, 0, 0, 0, 0, 0, 0, 0, 0, 0, 0, 0, 0, 0, 0, 0, 0, 0, 0]"
137,0.085600739,"[0, 0, 0, 31, 2, 2, 2, 2, 2, 1, 2, 1, 2, 3, 2, 2, 2, 1, 3]","[0, 0, 0, 0, 0, 0, 0, 0, 0, 31, 4, 4, 4, 4, 4, 5, 4, 4, 4]","[0, 0, 0, 0, 0, 0, 0, 0, 0, 28, 4, 2, 2, 2, 2, 2, 2, 2, 2]","[0, 0, 0, 0, 0, 0, 0, 0, 0, 0, 0, 0, 0, 0, 0, 0, 0, 0, 0]"
138,0.08499899,"[0, 0, 0, 31, 2, 2, 2, 2, 2, 1, 2, 1, 2, 2, 3, 2, 2, 1, 2]","[0, 0, 0, 31, 2, 1, 3, 2, 2, 1, 2, 1, 2, 2, 3, 2, 2, 1, 2]","[0, 0, 0, 0, 0, 0, 0, 0, 0, 0, 0, 23, 10, 2, 2, 2, 2, 2, 2]","[0, 0, 0, 0, 0, 0, 0, 0, 0, 0, 0, 10, 12, 11, 4, 2, 2, 2, 2]"
139,0.086356816,"[0, 0, 0, 0, 0, 0, 0, 0, 0, 0, 0, 0, 0, 0, 0, 0, 0, 0, 0]","[0, 0, 0, 31, 2, 2, 2, 2, 2, 1, 2, 1, 2, 2, 3, 2, 2, 1, 3]","[0, 0, 0, 0, 0, 0, 0, 0, 0, 0, 0, 0, 0, 0, 0, 0, 0, 0, 0]","[0, 0, 0, 0, 0, 0, 0, 0, 0, 0, 0, 0, 0, 0, 0, 0, 0, 0, 0]"
140,0.088305695,"[0, 0, 0, 31, 2, 2, 2, 2, 2, 1, 2, 1, 2, 3, 2, 2, 2, 2, 2]","[0, 0, 0, 0, 0, 0, 0, 0, 0, 30, 2, 2, 2, 2, 2, 2, 2, 2, 2]","[0, 0, 0, 31, 2, 1, 3, 2, 2, 1, 2, 1, 2, 2, 3, 2, 2, 2, 1]","[0, 0, 0, 0, 0, 0, 0, 0, 0, 0, 0, 0, 0, 0, 0, 0, 0, 0, 0]"
141,0.083720824,"[0, 0, 0, 0, 0, 0, 0, 0, 0, 0, 0, 0, 0, 0, 0, 0, 0, 0, 0]","[0, 0, 0, 32, 4, 4, 4, 4, 4, 4, 4, 3, 4, 5, 4, 4, 4, 4, 4]","[0, 0, 0, 31, 2, 1, 3, 2, 2, 1, 2, 1, 2, 2, 2, 3, 2, 1, 2]","[0, 0, 0, 0, 0, 0, 0, 0, 0, 0, 0, 0, 0, 0, 0, 0, 0, 0, 0]"
142,0.092025485,"[0, 0, 0, 0, 0, 0, 0, 0, 0, 0, 0, 0, 0, 0, 0, 0, 0, 0, 0]","[0, 0, 0, 0, 0, 0, 0, 0, 0, 0, 0, 0, 0, 0, 0, 0, 0, 0, 0]","[0, 0, 0, 0, 0, 0, 0, 0, 0, 0, 0, 0, 0, 0, 0, 0, 0, 0, 0]","[0, 0, 0, 17, 14, 2, 4, 2, 2, 1, 2, 1, 2, 2, 3, 2, 2, 1, 3]"
143,0.082901432,"[0, 0, 0, 0, 0, 0, 0, 0, 0, 0, 0, 0, 0, 0, 0, 0, 0, 0, 0]","[0, 0, 0, 0, 0, 0, 0, 0, 0, 32, 4, 4, 4, 4, 4, 4, 4, 4, 4]","[0, 0, 0, 0, 0, 0, 0, 0, 0, 0, 0, 0, 0, 0, 0, 0, 0, 0, 0]","[0, 0, 0, 0, 0, 0, 0, 0, 0, 0, 0, 0, 0, 0, 0, 0, 0, 0, 0]"
144,0.077008858,"[0, 0, 0, 32, 4, 4, 4, 4, 4, 4, 4, 4, 4, 4, 4, 4, 4, 4, 5]","[0, 0, 0, 0, 0, 0, 0, 0, 0, 0, 0, 0, 0, 0, 0, 0, 0, 0, 0]","[0, 0, 0, 1, 0, 1, 0, 0, 0, 28, 8, 4, 4, 4, 4, 5, 4, 4, 4]","[0, 0, 0, 0, 0, 0, 0, 0, 0, 3, 7, 21, 6, 4, 4, 6, 4, 3, 4]"
145,0.088416708,"[0, 0, 0, 32, 4, 4, 4, 4, 4, 4, 4, 4, 4, 4, 4, 4, 4, 4, 4]","[0, 0, 0, 0, 0, 0, 0, 0, 0, 0, 0, 0, 0, 0, 0, 0, 0, 0, 0]","[0, 0, 0, 18, 17, 4, 4, 4, 4, 3, 5, 3, 4, 4, 5, 4, 4, 4, 4]","[0, 0, 0, 0, 0, 0, 0, 0, 0, 0, 0, 0, 0, 0, 0, 0, 0, 0, 0]"
146,0.090202426,"[0, 0, 0, 32, 4, 3, 5, 4, 4, 4, 4, 3, 4, 5, 4, 4, 4, 4, 4]","[0, 0, 0, 0, 0, 0, 0, 0, 0, 0, 0, 0, 0, 0, 0, 0, 0, 0, 0]","[0, 0, 0, 27, 6, 2, 2, 2, 2, 1, 2, 1, 2, 2, 3, 2, 2, 1, 3]","[0, 0, 0, 0, 0, 0, 0, 0, 0, 0, 0, 0, 0, 0, 0, 0, 0, 0, 0]"
147,0.09082186,"[0, 0, 0, 33, 6, 6, 7, 6, 6, 6, 6, 6, 6, 6, 7, 6, 6, 6, 7]","[0, 0, 0, 0, 0, 0, 0, 0, 0, 0, 0, 0, 0, 0, 0, 0, 0, 0, 0]","[0, 0, 0, 0, 0, 31, 2, 2, 2, 1, 2, 2, 2, 2, 2, 2, 2, 2, 2]","[0, 0, 0, 14, 18, 6, 4, 4, 4, 4, 4, 4, 4, 3, 5, 4, 4, 4, 4]"
148,0.087526176,"[0, 0, 0, 32, 4, 4, 4, 4, 4, 4, 4, 4, 4, 4, 4, 4, 4, 4, 4]","[0, 0, 0, 31, 2, 1, 3, 2, 2, 1, 2, 1, 2, 2, 2, 3, 2, 1, 2]","[0, 0, 0, 31, 2, 2, 2, 2, 2, 1, 2, 1, 2, 3, 2, 2, 2, 1, 3]","[0, 0, 0, 0, 0, 0, 0, 0, 0, 0, 0, 0, 0, 0, 0, 0, 0, 0, 0]"
149,0.088032297,"[0, 0, 0, 0, 0, 32, 4, 5, 4, 4, 4, 3, 4, 5, 4, 4, 4, 4, 4]","[0, 0, 0, 0, 0, 0, 0, 0, 0, 0, 0, 0, 0, 0, 0, 0, 0, 0, 0]","[0, 0, 0, 0, 0, 0, 0, 0, 0, 0, 0, 19, 14, 2, 2, 2, 2, 2, 2]","[0, 0, 0, 0, 0, 0, 0, 0, 0, 0, 0, 0, 0, 0, 0, 0, 0, 0, 0]"