,prob_transmission,Iso3,Iso7,Iso10,Iso14
0,0.054174959,"[0, 27, 1, 0, 0, 0, 0, 0, 0, 0, 0, 0, 0, 0, 0, 0, 0, 0, 0, 0, 0, 0, 0, 0, 0, 0, 0, 0, 0, 0, 0, 0, 0, 0, 0, 0]","[0, 33, 2, 3, 3, 5, 2, 2, 1, 3, 1, 4, 3, 2, 3, 4, 3, 0, 3, 3, 1, 4, 1, 0, 3, 2, 3, 4, 4, 0, 3, 3, 3, 1, 0, 0]","[0, 30, 0, 0, 0, 1, 0, 0, 0, 0, 0, 0, 0, 0, 0, 0, 0, 0, 0, 0, 0, 0, 0, 0, 0, 0, 0, 0, 0, 0, 0, 0, 0, 0, 0, 0]","[0, 28, 0, 0, 0, 0, 0, 0, 0, 0, 0, 0, 0, 0, 0, 0, 0, 0, 0, 0, 0, 0, 0, 0, 0, 0, 0, 0, 0, 0, 0, 0, 0, 0, 0, 0]"
1,0.055085861,"[0, 10, 18, 0, 0, 0, 0, 0, 0, 0, 0, 0, 0, 0, 0, 0, 0, 0, 0, 0, 0, 0, 0, 0, 0, 0, 0, 0, 0, 0, 0, 0, 0, 0, 0, 0]","[0, 40, 4, 6, 10, 8, 6, 6, 6, 7, 6, 6, 8, 7, 6, 9, 6, 6, 6, 8, 6, 7, 6, 4, 6, 9, 6, 6, 12, 4, 6, 6, 8, 6, 5, 0]","[0, 4, 24, 0, 0, 0, 0, 0, 0, 0, 0, 0, 0, 0, 0, 0, 0, 0, 0, 0, 0, 0, 0, 0, 0, 0, 0, 0, 0, 0, 0, 0, 0, 0, 0, 0]","[0, 31, 1, 1, 3, 3, 0, 1, 0, 2, 0, 1, 2, 0, 2, 2, 2, 0, 0, 2, 0, 1, 1, 0, 0, 0, 2, 2, 3, 0, 0, 2, 1, 0, 0, 0]"
2,0.055088325,"[0, 0, 0, 28, 0, 0, 0, 0, 0, 0, 0, 0, 0, 0, 0, 0, 0, 0, 0, 0, 0, 0, 0, 0, 0, 0, 0, 0, 0, 0, 0, 0, 0, 0, 0, 0]","[0, 39, 5, 6, 10, 8, 6, 6, 5, 8, 6, 6, 9, 6, 6, 9, 6, 6, 6, 8, 6, 7, 6, 4, 6, 9, 6, 6, 12, 4, 6, 7, 7, 6, 5, 2]","[0, 29, 1, 0, 0, 1, 0, 0, 0, 0, 0, 0, 0, 0, 0, 0, 0, 0, 0, 0, 0, 0, 0, 0, 0, 0, 0, 0, 0, 0, 0, 0, 0, 0, 0, 0]","[0, 38, 3, 5, 8, 7, 5, 5, 2, 6, 5, 5, 8, 5, 5, 6, 6, 4, 5, 5, 5, 6, 5, 3, 5, 5, 5, 7, 7, 5, 4, 5, 6, 5, 3, 1]"
3,0.050434987,"[0, 27, 1, 0, 0, 0, 0, 0, 0, 0, 0, 0, 0, 0, 0, 0, 0, 0, 0, 0, 0, 0, 0, 0, 0, 0, 0, 0, 0, 0, 0, 0, 0, 0, 0, 0]","[0, 23, 5, 0, 0, 0, 0, 0, 0, 0, 0, 0, 0, 0, 0, 0, 0, 0, 0, 0, 0, 0, 0, 0, 0, 0, 0, 0, 0, 0, 0, 0, 0, 0, 0, 0]","[0, 0, 28, 0, 0, 0, 0, 0, 0, 0, 0, 0, 0, 0, 0, 0, 0, 0, 0, 0, 0, 0, 0, 0, 0, 0, 0, 0, 0, 0, 0, 0, 0, 0, 0, 0]","[0, 26, 2, 0, 0, 2, 0, 0, 0, 0, 0, 0, 0, 0, 0, 0, 0, 0, 0, 0, 0, 0, 0, 0, 0, 0, 0, 0, 0, 0, 0, 0, 0, 0, 0, 0]"
4,0.051740428,"[0, 8, 20, 0, 0, 0, 0, 0, 0, 0, 0, 0, 0, 0, 0, 0, 0, 0, 0, 0, 0, 0, 0, 0, 0, 0, 0, 0, 0, 0, 0, 0, 0, 0, 0, 0]","[0, 40, 4, 6, 10, 8, 6, 6, 6, 7, 6, 6, 8, 7, 6, 9, 6, 6, 6, 8, 6, 7, 6, 4, 6, 9, 6, 6, 12, 4, 6, 7, 7, 6, 5, 0]","[0, 29, 1, 0, 0, 1, 0, 0, 0, 0, 0, 0, 0, 0, 0, 0, 0, 0, 0, 0, 0, 0, 0, 0, 0, 0, 0, 0, 0, 0, 0, 0, 0, 0, 0, 0]","[0, 7, 21, 0, 0, 0, 0, 0, 0, 0, 0, 0, 0, 0, 0, 0, 0, 0, 0, 0, 0, 0, 0, 0, 0, 0, 0, 0, 0, 0, 0, 0, 0, 0, 0, 0]"
5,0.054603809,"[0, 26, 2, 0, 0, 0, 0, 0, 0, 0, 0, 0, 0, 0, 0, 0, 0, 0, 0, 0, 0, 0, 0, 0, 0, 0, 0, 0, 0, 0, 0, 0, 0, 0, 0, 0]","[0, 31, 1, 1, 3, 3, 0, 1, 0, 2, 0, 1, 2, 0, 2, 2, 2, 0, 0, 2, 0, 2, 0, 0, 0, 0, 2, 2, 2, 1, 0, 2, 1, 0, 0, 0]","[0, 32, 0, 1, 3, 3, 0, 1, 0, 2, 0, 1, 2, 0, 2, 2, 2, 0, 0, 2, 0, 2, 0, 0, 0, 0, 2, 2, 3, 0, 0, 2, 1, 0, 0, 0]","[0, 25, 3, 0, 0, 0, 0, 0, 0, 0, 0, 0, 0, 0, 0, 0, 0, 0, 0, 0, 0, 0, 0, 0, 0, 0, 0, 0, 0, 0, 0, 0, 0, 0, 0, 0]"
6,0.055169937,"[0, 28, 0, 0, 0, 0, 0, 0, 0, 0, 0, 0, 0, 0, 0, 0, 0, 0, 0, 0, 0, 0, 0, 0, 0, 0, 0, 0, 0, 0, 0, 0, 0, 0, 0, 0]","[1, 35, 2, 4, 5, 6, 4, 3, 3, 5, 1, 6, 4, 4, 4, 5, 4, 3, 4, 4, 4, 4, 3, 0, 4, 5, 4, 4, 8, 0, 4, 6, 4, 3, 0, 1]","[0, 22, 10, 0, 3, 3, 0, 1, 0, 2, 0, 2, 1, 1, 2, 2, 1, 0, 0, 2, 0, 2, 0, 0, 0, 0, 2, 2, 3, 0, 0, 2, 2, 0, 0, 0]","[0, 2, 26, 0, 0, 0, 0, 0, 0, 0, 0, 0, 0, 0, 0, 0, 0, 0, 0, 0, 0, 0, 0, 0, 0, 0, 0, 0, 0, 0, 0, 0, 0, 0, 0, 0]"
7,0.05272355,"[0, 32, 0, 1, 2, 4, 0, 1, 0, 2, 0, 1, 2, 0, 2, 2, 1, 0, 2, 0, 0, 2, 0, 0, 0, 1, 1, 3, 3, 0, 0, 2, 1, 0, 0, 0]","[0, 16, 12, 0, 0, 0, 0, 0, 0, 0, 0, 0, 0, 0, 0, 0, 0, 0, 0, 0, 0, 0, 0, 0, 0, 0, 0, 0, 0, 0, 0, 0, 0, 0, 0, 0]","[0, 34, 1, 3, 4, 4, 2, 2, 1, 3, 1, 4, 3, 2, 3, 3, 3, 1, 3, 3, 2, 3, 1, 0, 3, 2, 3, 3, 5, 0, 3, 3, 3, 1, 0, 0]","[0, 24, 11, 3, 3, 5, 2, 2, 0, 4, 0, 6, 1, 3, 3, 3, 3, 1, 3, 3, 1, 3, 2, 0, 3, 2, 3, 3, 5, 0, 3, 3, 3, 1, 0, 0]"
8,0.052112992,"[0, 10, 18, 0, 0, 0, 0, 0, 0, 0, 0, 0, 0, 0, 0, 0, 0, 0, 0, 0, 0, 0, 0, 0, 0, 0, 0, 0, 0, 0, 0, 0, 0, 0, 0, 0]","[0, 28, 2, 0, 0, 1, 0, 0, 0, 0, 0, 0, 0, 0, 0, 0, 0, 0, 0, 0, 0, 0, 0, 0, 0, 0, 0, 0, 0, 0, 0, 0, 0, 0, 0, 0]","[0, 33, 2, 3, 4, 4, 2, 2, 0, 4, 1, 4, 3, 2, 3, 3, 3, 1, 3, 3, 1, 4, 1, 0, 2, 3, 3, 3, 4, 1, 3, 3, 3, 1, 0, 0]","[0, 29, 1, 0, 0, 1, 0, 0, 0, 0, 0, 0, 0, 0, 0, 0, 0, 0, 0, 0, 0, 0, 0, 0, 0, 0, 0, 0, 0, 0, 0, 0, 0, 0, 0, 0]"
9,0.053117436,"[0, 38, 3, 5, 6, 9, 5, 5, 2, 6, 5, 5, 7, 5, 6, 6, 5, 5, 5, 5, 5, 6, 5, 2, 5, 6, 5, 7, 8, 3, 5, 7, 5, 5, 0, 5]","[0, 38, 3, 5, 7, 8, 5, 5, 4, 5, 4, 6, 6, 5, 5, 8, 5, 4, 5, 5, 5, 6, 5, 3, 5, 5, 5, 7, 7, 5, 4, 6, 5, 5, 2, 3]","[0, 28, 0, 0, 0, 0, 0, 0, 0, 0, 0, 0, 0, 0, 0, 0, 0, 0, 0, 0, 0, 0, 0, 0, 0, 0, 0, 0, 0, 0, 0, 0, 0, 0, 0, 0]","[0, 33, 2, 3, 4, 3, 3, 2, 0, 4, 0, 6, 1, 3, 3, 3, 3, 1, 3, 3, 1, 3, 2, 0, 2, 3, 3, 3, 4, 2, 1, 4, 3, 1, 0, 0]"
10,0.05061025,"[0, 26, 6, 1, 2, 4, 0, 1, 0, 2, 0, 1, 2, 0, 2, 2, 2, 0, 0, 2, 0, 2, 0, 0, 0, 0, 2, 2, 3, 0, 0, 2, 1, 0, 0, 0]","[0, 32, 0, 1, 2, 3, 1, 1, 0, 2, 0, 1, 2, 0, 2, 2, 2, 0, 0, 2, 0, 2, 0, 0, 0, 0, 2, 2, 2, 1, 0, 2, 1, 0, 0, 0]","[0, 32, 0, 1, 3, 3, 0, 1, 0, 2, 0, 1, 2, 0, 2, 2, 2, 0, 0, 2, 0, 2, 0, 0, 0, 0, 2, 2, 3, 0, 0, 2, 1, 0, 0, 0]","[0, 28, 2, 0, 0, 1, 0, 0, 0, 0, 0, 0, 0, 0, 0, 0, 0, 0, 0, 0, 0, 0, 0, 0, 0, 0, 0, 0, 0, 0, 0, 0, 0, 0, 0, 0]"
11,0.052292757,"[0, 28, 0, 0, 0, 0, 0, 0, 0, 0, 0, 0, 0, 0, 0, 0, 0, 0, 0, 0, 0, 0, 0, 0, 0, 0, 0, 0, 0, 0, 0, 0, 0, 0, 0, 0]","[0, 8, 20, 0, 0, 0, 0, 0, 0, 0, 0, 0, 0, 0, 0, 0, 0, 0, 0, 0, 0, 0, 0, 0, 0, 0, 0, 0, 0, 0, 0, 0, 0, 0, 0, 0]","[0, 36, 2, 4, 6, 6, 3, 3, 4, 4, 1, 6, 4, 4, 4, 5, 4, 3, 4, 4, 4, 4, 3, 0, 4, 5, 4, 4, 8, 0, 4, 4, 5, 3, 1, 0]","[0, 32, 0, 1, 3, 3, 0, 1, 0, 1, 1, 1, 2, 0, 2, 2, 2, 0, 0, 2, 0, 2, 0, 0, 0, 0, 2, 2, 2, 0, 1, 2, 1, 0, 0, 0]"
12,0.052014709,"[0, 18, 12, 0, 0, 1, 0, 0, 0, 0, 0, 0, 0, 0, 0, 0, 0, 0, 0, 0, 0, 0, 0, 0, 0, 0, 0, 0, 0, 0, 0, 0, 0, 0, 0, 0]","[0, 6, 22, 0, 0, 0, 0, 0, 0, 0, 0, 0, 0, 0, 0, 0, 0, 0, 0, 0, 0, 0, 0, 0, 0, 0, 0, 0, 0, 0, 0, 0, 0, 0, 0, 0]","[0, 16, 12, 0, 0, 0, 0, 0, 0, 0, 0, 0, 0, 0, 0, 0, 0, 0, 0, 0, 0, 0, 0, 0, 0, 0, 0, 0, 0, 0, 0, 0, 0, 0, 0, 0]","[0, 23, 5, 0, 0, 0, 0, 0, 0, 0, 0, 0, 0, 0, 0, 0, 0, 0, 0, 0, 0, 0, 0, 0, 0, 0, 0, 0, 0, 0, 0, 0, 0, 0, 0, 0]"
13,0.050355816,"[0, 16, 12, 0, 0, 0, 0, 0, 0, 0, 0, 0, 0, 0, 0, 0, 0, 0, 0, 0, 0, 0, 0, 0, 0, 0, 0, 0, 0, 0, 0, 0, 0, 0, 0, 0]","[0, 5, 23, 0, 0, 0, 0, 0, 0, 0, 0, 0, 0, 0, 0, 0, 0, 0, 0, 0, 0, 0, 0, 0, 0, 0, 0, 0, 0, 0, 0, 0, 0, 0, 0, 0]","[0, 33, 2, 2, 4, 5, 1, 2, 2, 3, 0, 4, 3, 2, 3, 4, 3, 0, 3, 3, 1, 4, 1, 0, 3, 2, 3, 4, 5, 0, 2, 3, 3, 2, 0, 0]","[0, 29, 1, 0, 0, 1, 0, 0, 0, 0, 0, 0, 0, 0, 0, 0, 0, 0, 0, 0, 0, 0, 0, 0, 0, 0, 0, 0, 0, 0, 0, 0, 0, 0, 0, 0]"
14,0.050246694,"[0, 40, 4, 6, 9, 9, 6, 6, 5, 8, 6, 6, 9, 6, 6, 9, 6, 6, 6, 8, 5, 7, 7, 4, 6, 8, 7, 6, 11, 5, 6, 6, 8, 6, 5, 1]","[0, 0, 28, 0, 0, 0, 0, 0, 0, 0, 0, 0, 0, 0, 0, 0, 0, 0, 0, 0, 0, 0, 0, 0, 0, 0, 0, 0, 0, 0, 0, 0, 0, 0, 0, 0]","[0, 20, 8, 0, 0, 0, 0, 0, 0, 0, 0, 0, 0, 0, 0, 0, 0, 0, 0, 0, 0, 0, 0, 0, 0, 0, 0, 0, 0, 0, 0, 0, 0, 0, 0, 0]","[0, 30, 0, 0, 0, 1, 0, 0, 0, 0, 0, 0, 0, 0, 0, 0, 0, 0, 0, 0, 0, 0, 0, 0, 0, 0, 0, 0, 0, 0, 0, 0, 0, 0, 0, 0]"
15,0.052712422,"[0, 18, 10, 0, 0, 0, 0, 0, 0, 0, 0, 0, 0, 0, 0, 0, 0, 0, 0, 0, 0, 0, 0, 0, 0, 0, 0, 0, 0, 0, 0, 0, 0, 0, 0, 0]","[0, 32, 0, 1, 3, 3, 0, 1, 0, 2, 0, 1, 2, 0, 2, 2, 2, 0, 0, 2, 0, 2, 0, 0, 0, 0, 2, 2, 2, 0, 1, 2, 1, 0, 0, 0]","[0, 25, 3, 0, 0, 0, 0, 0, 0, 0, 0, 0, 0, 0, 0, 0, 0, 0, 0, 0, 0, 0, 0, 0, 0, 0, 0, 0, 0, 0, 0, 0, 0, 0, 0, 0]","[0, 30, 2, 1, 2, 4, 0, 1, 0, 2, 0, 1, 2, 0, 2, 2, 2, 0, 0, 2, 0, 2, 0, 0, 0, 0, 2, 2, 2, 0, 1, 2, 1, 0, 0, 0]"
16,0.054616698,"[1, 41, 5, 7, 11, 9, 8, 7, 8, 10, 6, 8, 10, 8, 7, 11, 7, 7, 7, 10, 7, 10, 7, 5, 8, 9, 7, 12, 8, 8, 7, 9, 9, 7, 4, 5]","[0, 35, 3, 4, 6, 6, 3, 3, 3, 4, 2, 6, 4, 4, 4, 5, 4, 3, 4, 4, 4, 4, 3, 0, 4, 5, 4, 4, 8, 0, 4, 4, 5, 4, 0, 1]","[0, 24, 4, 0, 0, 0, 0, 0, 0, 0, 0, 0, 0, 0, 0, 0, 0, 0, 0, 0, 0, 0, 0, 0, 0, 0, 0, 0, 0, 0, 0, 0, 0, 0, 0, 0]","[0, 40, 4, 6, 10, 8, 6, 6, 6, 7, 6, 6, 9, 6, 6, 9, 6, 6, 6, 8, 6, 7, 6, 5, 6, 7, 6, 9, 9, 5, 6, 7, 8, 6, 3, 4]"
17,0.054463314,"[1, 37, 3, 5, 7, 7, 6, 5, 3, 5, 5, 5, 7, 5, 6, 6, 5, 5, 5, 5, 5, 6, 5, 2, 5, 6, 5, 7, 8, 3, 5, 5, 5, 6, 2, 1]","[0, 30, 0, 0, 0, 1, 0, 0, 0, 0, 0, 0, 0, 0, 0, 0, 0, 0, 0, 0, 0, 0, 0, 0, 0, 0, 0, 0, 0, 0, 0, 0, 0, 0, 0, 0]","[0, 28, 0, 0, 0, 0, 0, 0, 0, 0, 0, 0, 0, 0, 0, 0, 0, 0, 0, 0, 0, 0, 0, 0, 0, 0, 0, 0, 0, 0, 0, 0, 0, 0, 0, 0]","[0, 28, 0, 0, 0, 0, 0, 0, 0, 0, 0, 0, 0, 0, 0, 0, 0, 0, 0, 0, 0, 0, 0, 0, 0, 0, 0, 0, 0, 0, 0, 0, 0, 0, 0, 0]"
18,0.054176291,"[0, 28, 2, 0, 0, 1, 0, 0, 0, 0, 0, 0, 0, 0, 0, 0, 0, 0, 0, 0, 0, 0, 0, 0, 0, 0, 0, 0, 0, 0, 0, 0, 0, 0, 0, 0]","[0, 32, 0, 1, 3, 3, 0, 1, 0, 2, 0, 1, 2, 0, 2, 2, 2, 0, 0, 2, 0, 2, 0, 0, 0, 0, 2, 2, 2, 0, 1, 2, 1, 0, 0, 0]","[0, 21, 7, 0, 0, 0, 0, 0, 0, 0, 0, 0, 0, 0, 0, 0, 0, 0, 0, 0, 0, 0, 0, 0, 0, 0, 0, 0, 0, 0, 0, 0, 0, 0, 0, 0]","[0, 7, 21, 0, 0, 0, 0, 0, 0, 0, 0, 0, 0, 0, 0, 0, 0, 0, 0, 0, 0, 0, 0, 0, 0, 0, 0, 0, 0, 0, 0, 0, 0, 0, 0, 0]"
19,0.052882822,"[0, 34, 1, 3, 4, 4, 2, 2, 2, 2, 1, 4, 3, 1, 4, 3, 3, 1, 3, 3, 2, 3, 1, 0, 2, 3, 3, 4, 4, 0, 3, 3, 3, 1, 0, 0]","[0, 28, 0, 0, 0, 0, 0, 0, 0, 0, 0, 0, 0, 0, 0, 0, 0, 0, 0, 0, 0, 0, 0, 0, 0, 0, 0, 0, 0, 0, 0, 0, 0, 0, 0, 0]","[0, 11, 17, 0, 0, 0, 0, 0, 0, 0, 0, 0, 0, 0, 0, 0, 0, 0, 0, 0, 0, 0, 0, 0, 0, 0, 0, 0, 0, 0, 0, 0, 0, 0, 0, 0]","[0, 30, 0, 0, 0, 1, 0, 0, 0, 0, 0, 0, 0, 0, 0, 0, 0, 0, 0, 0, 0, 0, 0, 0, 0, 0, 0, 0, 0, 0, 0, 0, 0, 0, 0, 0]"
20,0.053775701,"[0, 18, 10, 0, 0, 0, 0, 0, 0, 0, 0, 0, 0, 0, 0, 0, 0, 0, 0, 0, 0, 0, 0, 0, 0, 0, 0, 0, 0, 0, 0, 0, 0, 0, 0, 0]","[0, 34, 1, 3, 4, 3, 3, 2, 1, 3, 1, 4, 3, 1, 4, 3, 3, 1, 3, 3, 0, 4, 2, 0, 3, 2, 3, 3, 5, 0, 3, 3, 3, 1, 0, 0]","[0, 13, 15, 0, 0, 0, 0, 0, 0, 0, 0, 0, 0, 0, 0, 0, 0, 0, 0, 0, 0, 0, 0, 0, 0, 0, 0, 0, 0, 0, 0, 0, 0, 0, 0, 0]","[0, 43, 7, 8, 14, 10, 9, 8, 9, 12, 7, 9, 12, 9, 9, 12, 8, 10, 8, 10, 9, 13, 7, 7, 9, 10, 9, 12, 11, 9, 8, 11, 9, 9, 8, 7]"
21,0.051635488,"[0, 33, 2, 3, 4, 4, 2, 2, 0, 4, 0, 6, 1, 3, 3, 3, 3, 1, 3, 3, 1, 3, 2, 0, 2, 2, 4, 3, 5, 0, 3, 3, 3, 1, 0, 0]","[0, 34, 1, 3, 3, 5, 2, 2, 2, 2, 1, 4, 3, 2, 3, 3, 3, 1, 3, 3, 1, 3, 2, 0, 2, 3, 3, 3, 4, 1, 3, 3, 2, 2, 0, 0]","[0, 27, 1, 0, 0, 0, 0, 0, 0, 0, 0, 0, 0, 0, 0, 0, 0, 0, 0, 0, 0, 0, 0, 0, 0, 0, 0, 0, 0, 0, 0, 0, 0, 0, 0, 0]","[0, 34, 1, 3, 3, 5, 2, 2, 2, 2, 1, 4, 3, 2, 3, 3, 3, 1, 3, 3, 1, 4, 1, 0, 2, 3, 3, 3, 5, 0, 3, 3, 2, 2, 0, 0]"
22,0.0540199,"[0, 9, 19, 0, 0, 0, 0, 0, 0, 0, 0, 0, 0, 0, 0, 0, 0, 0, 0, 0, 0, 0, 0, 0, 0, 0, 0, 0, 0, 0, 0, 0, 0, 0, 0, 0]","[0, 39, 5, 6, 9, 9, 6, 6, 6, 7, 6, 6, 9, 6, 6, 10, 6, 6, 6, 6, 7, 6, 7, 4, 6, 9, 6, 7, 10, 4, 7, 9, 6, 6, 2, 5]","[0, 18, 10, 0, 0, 0, 0, 0, 0, 0, 0, 0, 0, 0, 0, 0, 0, 0, 0, 0, 0, 0, 0, 0, 0, 0, 0, 0, 0, 0, 0, 0, 0, 0, 0, 0]","[0, 32, 0, 1, 2, 4, 0, 1, 0, 2, 0, 1, 2, 0, 2, 2, 2, 0, 0, 2, 0, 2, 0, 0, 0, 0, 2, 2, 2, 0, 1, 2, 1, 0, 0, 0]"
23,0.052755712,"[0, 28, 0, 0, 0, 0, 0, 0, 0, 0, 0, 0, 0, 0, 0, 0, 0, 0, 0, 0, 0, 0, 0, 0, 0, 0, 0, 0, 0, 0, 0, 0, 0, 0, 0, 0]","[0, 34, 1, 3, 4, 4, 2, 2, 0, 4, 1, 4, 3, 2, 3, 3, 3, 1, 3, 3, 0, 4, 2, 0, 2, 3, 3, 3, 4, 1, 3, 3, 3, 0, 1, 0]","[0, 38, 3, 5, 8, 7, 5, 5, 3, 5, 5, 5, 7, 6, 5, 6, 6, 4, 5, 5, 5, 6, 5, 3, 5, 5, 5, 8, 7, 4, 4, 5, 7, 4, 3, 1]","[0, 0, 28, 0, 0, 0, 0, 0, 0, 0, 0, 0, 0, 0, 0, 0, 0, 0, 0, 0, 0, 0, 0, 0, 0, 0, 0, 0, 0, 0, 0, 0, 0, 0, 0, 0]"
24,0.051278086,"[0, 27, 1, 0, 0, 0, 0, 0, 0, 0, 0, 0, 0, 0, 0, 0, 0, 0, 0, 0, 0, 0, 0, 0, 0, 0, 0, 0, 0, 0, 0, 0, 0, 0, 0, 0]","[0, 32, 0, 1, 2, 4, 0, 1, 0, 2, 0, 1, 2, 0, 2, 2, 2, 0, 0, 2, 0, 2, 0, 0, 0, 0, 2, 2, 3, 0, 0, 2, 1, 0, 0, 0]","[0, 30, 0, 0, 0, 1, 0, 0, 0, 0, 0, 0, 0, 0, 0, 0, 0, 0, 0, 0, 0, 0, 0, 0, 0, 0, 0, 0, 0, 0, 0, 0, 0, 0, 0, 0]","[0, 27, 1, 0, 0, 0, 0, 0, 0, 0, 0, 0, 0, 0, 0, 0, 0, 0, 0, 0, 0, 0, 0, 0, 0, 0, 0, 0, 0, 0, 0, 0, 0, 0, 0, 0]"
25,0.053480364,"[0, 32, 0, 1, 3, 3, 0, 1, 0, 2, 0, 1, 2, 0, 2, 2, 2, 0, 0, 2, 0, 2, 0, 0, 0, 0, 2, 2, 3, 0, 0, 2, 1, 0, 0, 0]","[0, 28, 0, 0, 0, 0, 0, 0, 0, 0, 0, 0, 0, 0, 0, 0, 0, 0, 0, 0, 0, 0, 0, 0, 0, 0, 0, 0, 0, 0, 0, 0, 0, 0, 0, 0]","[0, 36, 2, 4, 5, 7, 3, 3, 2, 4, 3, 5, 5, 4, 4, 5, 4, 1, 6, 4, 4, 4, 3, 0, 4, 5, 4, 4, 7, 1, 4, 5, 4, 4, 0, 1]","[0, 14, 14, 0, 0, 0, 0, 0, 0, 0, 0, 0, 0, 0, 0, 0, 0, 0, 0, 0, 0, 0, 0, 0, 0, 0, 0, 0, 0, 0, 0, 0, 0, 0, 0, 0]"
26,0.05588617,"[0, 22, 6, 0, 0, 0, 0, 0, 0, 0, 0, 0, 0, 0, 0, 0, 0, 0, 0, 0, 0, 0, 0, 0, 0, 0, 0, 0, 0, 0, 0, 0, 0, 0, 0, 0]","[0, 6, 22, 0, 0, 0, 0, 0, 0, 0, 0, 0, 0, 0, 0, 0, 0, 0, 0, 0, 0, 0, 0, 0, 0, 0, 0, 0, 0, 0, 0, 0, 0, 0, 0, 0]","[0, 34, 1, 3, 4, 4, 2, 2, 1, 3, 1, 4, 3, 2, 3, 3, 3, 1, 3, 3, 1, 3, 2, 0, 2, 3, 3, 3, 5, 0, 3, 3, 3, 0, 1, 0]","[0, 32, 0, 1, 3, 3, 0, 1, 0, 2, 0, 1, 2, 0, 2, 2, 2, 0, 0, 2, 0, 2, 0, 0, 0, 0, 2, 2, 3, 0, 0, 2, 1, 0, 0, 0]"
27,0.054361329,"[0, 27, 1, 0, 0, 0, 0, 0, 0, 0, 0, 0, 0, 0, 0, 0, 0, 0, 0, 0, 0, 0, 0, 0, 0, 0, 0, 0, 0, 0, 0, 0, 0, 0, 0, 0]","[0, 28, 0, 0, 0, 0, 0, 0, 0, 0, 0, 0, 0, 0, 0, 0, 0, 0, 0, 0, 0, 0, 0, 0, 0, 0, 0, 0, 0, 0, 0, 0, 0, 0, 0, 0]","[0, 28, 0, 0, 0, 0, 0, 0, 0, 0, 0, 0, 0, 0, 0, 0, 0, 0, 0, 0, 0, 0, 0, 0, 0, 0, 0, 0, 0, 0, 0, 0, 0, 0, 0, 0]","[0, 28, 0, 0, 0, 0, 0, 0, 0, 0, 0, 0, 0, 0, 0, 0, 0, 0, 0, 0, 0, 0, 0, 0, 0, 0, 0, 0, 0, 0, 0, 0, 0, 0, 0, 0]"
28,0.052999149,"[0, 28, 0, 0, 0, 0, 0, 0, 0, 0, 0, 0, 0, 0, 0, 0, 0, 0, 0, 0, 0, 0, 0, 0, 0, 0, 0, 0, 0, 0, 0, 0, 0, 0, 0, 0]","[0, 34, 4, 4, 4, 6, 4, 4, 2, 4, 3, 5, 4, 4, 4, 5, 4, 3, 4, 4, 4, 4, 3, 0, 5, 4, 4, 5, 7, 0, 5, 4, 4, 4, 0, 1]","[0, 28, 0, 0, 0, 0, 0, 0, 0, 0, 0, 0, 0, 0, 0, 0, 0, 0, 0, 0, 0, 0, 0, 0, 0, 0, 0, 0, 0, 0, 0, 0, 0, 0, 0, 0]","[0, 28, 0, 0, 0, 0, 0, 0, 0, 0, 0, 0, 0, 0, 0, 0, 0, 0, 0, 0, 0, 0, 0, 0, 0, 0, 0, 0, 0, 0, 0, 0, 0, 0, 0, 0]"
29,0.052732839,"[0, 30, 0, 0, 0, 1, 0, 0, 0, 0, 0, 0, 0, 0, 0, 0, 0, 0, 0, 0, 0, 0, 0, 0, 0, 0, 0, 0, 0, 0, 0, 0, 0, 0, 0, 0]","[0, 28, 0, 0, 0, 2, 0, 0, 0, 0, 0, 0, 0, 0, 0, 0, 0, 0, 0, 0, 0, 0, 0, 0, 0, 0, 0, 0, 0, 0, 0, 0, 0, 0, 0, 0]","[0, 32, 0, 1, 3, 3, 0, 1, 0, 2, 0, 1, 2, 0, 2, 2, 2, 0, 0, 2, 0, 2, 0, 0, 0, 0, 2, 2, 3, 0, 0, 2, 1, 0, 0, 0]","[0, 26, 2, 0, 0, 0, 0, 0, 0, 0, 0, 0, 0, 0, 0, 0, 0, 0, 0, 0, 0, 0, 0, 0, 0, 0, 0, 0, 0, 0, 0, 0, 0, 0, 0, 0]"
30,0.05236831,"[0, 6, 22, 0, 0, 0, 0, 0, 0, 0, 0, 0, 0, 0, 0, 0, 0, 0, 0, 0, 0, 0, 0, 0, 0, 0, 0, 0, 0, 0, 0, 0, 0, 0, 0, 0]","[0, 46, 10, 10, 17, 13, 13, 10, 13, 13, 11, 12, 15, 11, 11, 17, 10, 13, 10, 14, 11, 16, 10, 10, 10, 16, 10, 14, 15, 11, 10, 15, 12, 12, 10, 10]","[0, 12, 16, 0, 0, 0, 0, 0, 0, 0, 0, 0, 0, 0, 0, 0, 0, 0, 0, 0, 0, 0, 0, 0, 0, 0, 0, 0, 0, 0, 0, 0, 0, 0, 0, 0]","[0, 21, 7, 0, 0, 0, 0, 0, 0, 0, 0, 0, 0, 0, 0, 0, 0, 0, 0, 0, 0, 0, 0, 0, 0, 0, 0, 0, 0, 0, 0, 0, 0, 0, 0, 0]"
31,0.05503514,"[0, 30, 0, 0, 0, 1, 0, 0, 0, 0, 0, 0, 0, 0, 0, 0, 0, 0, 0, 0, 0, 0, 0, 0, 0, 0, 0, 0, 0, 0, 0, 0, 0, 0, 0, 0]","[0, 34, 1, 3, 3, 4, 3, 2, 0, 4, 1, 4, 3, 2, 3, 3, 3, 1, 3, 3, 0, 4, 2, 0, 3, 2, 3, 3, 4, 2, 1, 4, 3, 1, 0, 0]","[0, 24, 4, 0, 0, 0, 0, 0, 0, 0, 0, 0, 0, 0, 0, 0, 0, 0, 0, 0, 0, 0, 0, 0, 0, 0, 0, 0, 0, 0, 0, 0, 0, 0, 0, 0]","[0, 14, 14, 0, 0, 0, 0, 0, 0, 0, 0, 0, 0, 0, 0, 0, 0, 0, 0, 0, 0, 0, 0, 0, 0, 0, 0, 0, 0, 0, 0, 0, 0, 0, 0, 0]"
32,0.051566917,"[0, 32, 0, 1, 3, 3, 0, 1, 0, 2, 0, 1, 2, 0, 2, 2, 2, 0, 0, 2, 0, 1, 1, 0, 0, 0, 2, 2, 3, 0, 0, 2, 1, 0, 0, 0]","[0, 3, 25, 0, 0, 0, 0, 0, 0, 0, 0, 0, 0, 0, 0, 0, 0, 0, 0, 0, 0, 0, 0, 0, 0, 0, 0, 0, 0, 0, 0, 0, 0, 0, 0, 0]","[0, 11, 17, 0, 0, 0, 0, 0, 0, 0, 0, 0, 0, 0, 0, 0, 0, 0, 0, 0, 0, 0, 0, 0, 0, 0, 0, 0, 0, 0, 0, 0, 0, 0, 0, 0]","[0, 34, 1, 3, 4, 4, 2, 2, 2, 2, 1, 4, 3, 2, 3, 3, 3, 1, 3, 3, 1, 3, 2, 0, 3, 2, 3, 3, 5, 0, 3, 3, 3, 1, 0, 0]"
33,0.054075223,"[0, 31, 4, 2, 4, 5, 1, 2, 2, 2, 1, 4, 3, 2, 3, 4, 3, 0, 3, 3, 1, 4, 2, 0, 1, 3, 3, 4, 4, 1, 2, 3, 3, 2, 0, 0]","[0, 0, 28, 0, 0, 1, 0, 0, 0, 0, 0, 0, 0, 0, 0, 0, 0, 0, 0, 0, 0, 0, 0, 0, 0, 0, 0, 0, 0, 0, 0, 0, 0, 0, 0, 0]","[0, 14, 14, 0, 0, 0, 0, 0, 0, 0, 0, 0, 0, 0, 0, 0, 0, 0, 0, 0, 0, 0, 0, 0, 0, 0, 0, 0, 0, 0, 0, 0, 0, 0, 0, 0]","[0, 26, 2, 0, 0, 0, 0, 0, 0, 0, 0, 0, 0, 0, 0, 0, 0, 0, 0, 0, 0, 0, 0, 0, 0, 0, 0, 0, 0, 0, 0, 0, 0, 0, 0, 0]"
34,0.052851433,"[0, 34, 4, 4, 6, 6, 3, 3, 3, 4, 2, 6, 4, 4, 4, 5, 4, 3, 4, 4, 4, 4, 3, 0, 4, 5, 4, 4, 8, 0, 4, 4, 5, 3, 1, 0]","[0, 8, 20, 0, 0, 0, 0, 0, 0, 0, 0, 0, 0, 0, 0, 0, 0, 0, 0, 0, 0, 0, 0, 0, 0, 0, 0, 0, 0, 0, 0, 0, 0, 0, 0, 0]","[0, 28, 0, 0, 0, 0, 0, 0, 0, 0, 0, 0, 0, 0, 0, 0, 0, 0, 0, 0, 0, 0, 0, 0, 0, 0, 0, 0, 0, 0, 0, 0, 0, 0, 0, 0]","[0, 29, 3, 1, 3, 3, 0, 1, 0, 2, 0, 1, 2, 0, 2, 2, 2, 0, 0, 2, 0, 2, 0, 0, 0, 0, 2, 2, 3, 0, 0, 2, 1, 0, 0, 0]"
35,0.05187829,"[0, 30, 0, 0, 0, 1, 0, 0, 0, 0, 0, 0, 0, 0, 0, 0, 0, 0, 0, 0, 0, 0, 0, 0, 0, 0, 0, 0, 0, 0, 0, 0, 0, 0, 0, 0]","[0, 0, 28, 0, 0, 0, 0, 0, 0, 0, 0, 0, 0, 0, 0, 0, 0, 0, 0, 0, 0, 0, 0, 0, 0, 0, 0, 0, 0, 0, 0, 0, 0, 0, 0, 0]","[1, 36, 4, 5, 7, 8, 5, 5, 3, 7, 3, 7, 5, 6, 5, 6, 5, 5, 5, 6, 5, 5, 5, 2, 6, 5, 5, 8, 6, 4, 5, 7, 5, 5, 0, 5]","[1, 43, 6, 8, 13, 11, 9, 8, 9, 12, 7, 9, 13, 8, 9, 12, 8, 10, 8, 11, 8, 12, 8, 8, 8, 11, 8, 11, 13, 8, 8, 10, 11, 8, 8, 7]"
36,0.052882464,"[0, 6, 22, 0, 0, 0, 0, 0, 0, 0, 0, 0, 0, 0, 0, 0, 0, 0, 0, 0, 0, 0, 0, 0, 0, 0, 0, 0, 0, 0, 0, 0, 0, 0, 0, 0]","[0, 45, 8, 9, 15, 12, 11, 9, 10, 14, 9, 10, 13, 10, 11, 14, 9, 11, 9, 13, 9, 15, 8, 9, 10, 13, 9, 12, 15, 9, 9, 13, 11, 10, 9, 7]","[0, 28, 0, 0, 0, 0, 0, 0, 0, 0, 0, 0, 0, 0, 0, 0, 0, 0, 0, 0, 0, 0, 0, 0, 0, 0, 0, 0, 0, 0, 0, 0, 0, 0, 0, 0]","[0, 29, 1, 0, 0, 1, 0, 0, 0, 0, 0, 0, 0, 0, 0, 0, 0, 0, 0, 0, 0, 0, 0, 0, 0, 0, 0, 0, 0, 0, 0, 0, 0, 0, 0, 0]"
37,0.052689766,"[0, 30, 0, 0, 0, 1, 0, 0, 0, 0, 0, 0, 0, 0, 0, 0, 0, 0, 0, 0, 0, 0, 0, 0, 0, 0, 0, 0, 0, 0, 0, 0, 0, 0, 0, 0]","[0, 28, 0, 0, 0, 0, 0, 0, 0, 0, 0, 0, 0, 0, 0, 0, 0, 0, 0, 0, 0, 0, 0, 0, 0, 0, 0, 0, 0, 0, 0, 0, 0, 0, 0, 0]","[0, 28, 0, 0, 0, 0, 0, 0, 0, 0, 0, 0, 0, 0, 0, 0, 0, 0, 0, 0, 0, 0, 0, 0, 0, 0, 0, 0, 0, 0, 0, 0, 0, 0, 0, 0]","[0, 0, 23, 5, 0, 0, 0, 0, 0, 0, 0, 0, 0, 0, 0, 0, 0, 0, 0, 0, 0, 0, 0, 0, 0, 0, 0, 0, 0, 0, 0, 0, 0, 0, 0, 0]"
38,0.053023529,"[0, 13, 15, 0, 0, 0, 0, 0, 0, 0, 0, 0, 0, 0, 0, 0, 0, 0, 0, 0, 0, 0, 0, 0, 0, 0, 0, 0, 0, 0, 0, 0, 0, 0, 0, 0]","[0, 28, 5, 4, 4, 7, 2, 4, 2, 4, 3, 5, 5, 3, 5, 5, 4, 3, 4, 4, 2, 5, 4, 0, 4, 4, 4, 5, 7, 1, 4, 4, 5, 3, 1, 0]","[0, 22, 6, 0, 0, 0, 0, 0, 0, 0, 0, 0, 0, 0, 0, 0, 0, 0, 0, 0, 0, 0, 0, 0, 0, 0, 0, 0, 0, 0, 0, 0, 0, 0, 0, 0]","[0, 40, 4, 6, 10, 8, 6, 6, 6, 7, 6, 6, 9, 6, 6, 9, 6, 6, 6, 8, 6, 7, 6, 4, 6, 9, 6, 6, 11, 5, 6, 6, 8, 6, 5, 1]"
39,0.052402101,"[0, 30, 0, 0, 0, 1, 0, 0, 0, 0, 0, 0, 0, 0, 0, 0, 0, 0, 0, 0, 0, 0, 0, 0, 0, 0, 0, 0, 0, 0, 0, 0, 0, 0, 0, 0]","[0, 24, 4, 0, 0, 0, 0, 0, 0, 0, 0, 0, 0, 0, 0, 0, 0, 0, 0, 0, 0, 0, 0, 0, 0, 0, 0, 0, 0, 0, 0, 0, 0, 0, 0, 0]","[0, 32, 0, 1, 2, 4, 0, 1, 0, 2, 0, 1, 2, 0, 2, 2, 2, 0, 0, 2, 0, 2, 0, 0, 0, 0, 2, 2, 3, 0, 0, 2, 1, 0, 0, 0]","[0, 25, 3, 0, 0, 0, 0, 0, 0, 0, 0, 0, 0, 0, 0, 0, 0, 0, 0, 0, 0, 0, 0, 0, 0, 0, 0, 0, 0, 0, 0, 0, 0, 0, 0, 0]"
40,0.053870526,"[0, 2, 26, 0, 0, 0, 0, 0, 0, 0, 0, 0, 0, 0, 0, 0, 0, 0, 0, 0, 0, 0, 0, 0, 0, 0, 0, 0, 0, 0, 0, 0, 0, 0, 0, 0]","[0, 28, 0, 0, 0, 0, 0, 0, 0, 0, 0, 0, 0, 0, 0, 0, 0, 0, 0, 0, 0, 0, 0, 0, 0, 0, 0, 0, 0, 0, 0, 0, 0, 0, 0, 0]","[0, 28, 0, 0, 0, 0, 0, 0, 0, 0, 0, 0, 0, 0, 0, 0, 0, 0, 0, 0, 0, 0, 0, 0, 0, 0, 0, 0, 0, 0, 0, 0, 0, 0, 0, 0]","[0, 28, 2, 0, 0, 1, 0, 0, 0, 0, 0, 0, 0, 0, 0, 0, 0, 0, 0, 0, 0, 0, 0, 0, 0, 0, 0, 0, 0, 0, 0, 0, 0, 0, 0, 0]"
41,0.052713197,"[0, 32, 0, 1, 3, 3, 0, 1, 0, 2, 0, 1, 2, 0, 2, 2, 2, 0, 0, 2, 0, 2, 0, 0, 0, 0, 2, 2, 2, 0, 1, 2, 1, 0, 0, 0]","[0, 28, 0, 0, 0, 0, 0, 0, 0, 0, 0, 0, 0, 0, 0, 0, 0, 0, 0, 0, 0, 0, 0, 0, 0, 0, 0, 0, 0, 0, 0, 0, 0, 0, 0, 0]","[0, 2, 26, 0, 0, 0, 0, 0, 0, 0, 0, 0, 0, 0, 0, 0, 0, 0, 0, 0, 0, 0, 0, 0, 0, 0, 0, 0, 0, 0, 0, 0, 0, 0, 0, 0]","[0, 32, 0, 1, 2, 3, 1, 1, 0, 2, 0, 1, 2, 0, 2, 2, 2, 0, 0, 2, 0, 1, 1, 0, 0, 0, 2, 2, 2, 0, 1, 2, 1, 0, 0, 0]"
42,0.053042727,"[0, 26, 2, 0, 0, 0, 0, 0, 0, 0, 0, 0, 0, 0, 0, 0, 0, 0, 0, 0, 0, 0, 0, 0, 0, 0, 0, 0, 0, 0, 0, 0, 0, 0, 0, 0]","[0, 37, 7, 6, 10, 7, 7, 6, 5, 8, 5, 7, 7, 8, 6, 9, 6, 6, 6, 9, 5, 7, 6, 4, 6, 9, 6, 6, 11, 5, 6, 6, 8, 6, 5, 3]","[0, 46, 7, 9, 15, 12, 11, 9, 9, 15, 8, 10, 15, 9, 12, 12, 10, 11, 9, 12, 11, 14, 9, 8, 10, 13, 9, 12, 15, 9, 9, 13, 11, 9, 10, 8]","[0, 24, 4, 0, 0, 0, 0, 0, 0, 0, 0, 0, 0, 0, 0, 0, 0, 0, 0, 0, 0, 0, 0, 0, 0, 0, 0, 0, 0, 0, 0, 0, 0, 0, 0, 0]"
43,0.052464544,"[0, 32, 0, 1, 3, 2, 1, 1, 0, 2, 0, 1, 2, 0, 2, 2, 2, 0, 0, 2, 0, 2, 0, 0, 0, 0, 2, 2, 3, 0, 0, 2, 1, 0, 0, 0]","[0, 26, 2, 0, 0, 0, 0, 0, 0, 0, 0, 0, 0, 0, 0, 0, 0, 0, 0, 0, 0, 0, 0, 0, 0, 0, 0, 0, 0, 0, 0, 0, 0, 0, 0, 0]","[0, 31, 1, 1, 2, 4, 0, 1, 0, 2, 0, 1, 2, 0, 2, 2, 2, 0, 0, 2, 0, 2, 0, 0, 0, 0, 2, 2, 2, 0, 1, 2, 1, 0, 0, 0]","[0, 6, 22, 0, 0, 0, 0, 0, 0, 0, 0, 0, 0, 0, 0, 0, 0, 0, 0, 0, 0, 0, 0, 0, 0, 0, 0, 0, 0, 0, 0, 0, 0, 0, 0, 0]"
44,0.053519016,"[0, 27, 1, 0, 0, 0, 0, 0, 0, 0, 0, 0, 0, 0, 0, 0, 0, 0, 0, 0, 0, 0, 0, 0, 0, 0, 0, 0, 0, 0, 0, 0, 0, 0, 0, 0]","[0, 44, 6, 8, 14, 10, 9, 8, 10, 11, 8, 8, 13, 9, 8, 12, 9, 9, 8, 12, 8, 10, 8, 8, 9, 11, 8, 11, 13, 8, 8, 10, 11, 8, 8, 5]","[0, 30, 2, 0, 2, 4, 0, 1, 0, 1, 1, 1, 2, 0, 2, 2, 1, 0, 2, 0, 0, 2, 0, 0, 0, 2, 0, 3, 2, 0, 1, 2, 1, 0, 0, 0]","[0, 0, 28, 0, 0, 0, 0, 0, 0, 0, 0, 0, 0, 0, 0, 0, 0, 0, 0, 0, 0, 0, 0, 0, 0, 0, 0, 0, 0, 0, 0, 0, 0, 0, 0, 0]"
45,0.056464227,"[0, 26, 2, 0, 0, 0, 0, 0, 0, 0, 0, 0, 0, 0, 0, 0, 0, 0, 0, 0, 0, 0, 0, 0, 0, 0, 0, 0, 0, 0, 0, 0, 0, 0, 0, 0]","[0, 30, 0, 0, 0, 1, 0, 0, 0, 0, 0, 0, 0, 0, 0, 0, 0, 0, 0, 0, 0, 0, 0, 0, 0, 0, 0, 0, 0, 0, 0, 0, 0, 0, 0, 0]","[0, 3, 25, 0, 0, 0, 0, 0, 0, 0, 0, 0, 0, 0, 0, 0, 0, 0, 0, 0, 0, 0, 0, 0, 0, 0, 0, 0, 0, 0, 0, 0, 0, 0, 0, 0]","[0, 17, 11, 0, 0, 0, 0, 0, 0, 0, 0, 0, 0, 0, 0, 0, 0, 0, 0, 0, 0, 0, 0, 0, 0, 0, 0, 0, 0, 0, 0, 0, 0, 0, 0, 0]"
46,0.052780634,"[0, 0, 27, 1, 0, 0, 0, 0, 0, 0, 0, 0, 0, 0, 0, 0, 0, 0, 0, 0, 0, 0, 0, 0, 0, 0, 0, 0, 0, 0, 0, 0, 0, 0, 0, 0]","[0, 28, 0, 0, 0, 0, 0, 0, 0, 0, 0, 0, 0, 0, 0, 0, 0, 0, 0, 0, 0, 0, 0, 0, 0, 0, 0, 0, 0, 0, 0, 0, 0, 0, 0, 0]","[0, 22, 6, 0, 0, 0, 0, 0, 0, 0, 0, 0, 0, 0, 0, 0, 0, 0, 0, 0, 0, 0, 0, 0, 0, 0, 0, 0, 0, 0, 0, 0, 0, 0, 0, 0]","[0, 4, 24, 0, 0, 0, 0, 0, 0, 0, 0, 0, 0, 0, 0, 0, 0, 0, 0, 0, 0, 0, 0, 0, 0, 0, 0, 0, 0, 0, 0, 0, 0, 0, 0, 0]"
47,0.05161973,"[0, 28, 2, 0, 0, 1, 0, 0, 0, 0, 0, 0, 0, 0, 0, 0, 0, 0, 0, 0, 0, 0, 0, 0, 0, 0, 0, 0, 0, 0, 0, 0, 0, 0, 0, 0]","[0, 30, 0, 0, 0, 1, 0, 0, 0, 0, 0, 0, 0, 0, 0, 0, 0, 0, 0, 0, 0, 0, 0, 0, 0, 0, 0, 0, 0, 0, 0, 0, 0, 0, 0, 0]","[0, 34, 1, 3, 4, 4, 2, 2, 1, 3, 1, 4, 3, 2, 3, 3, 3, 1, 3, 3, 1, 3, 2, 0, 3, 1, 3, 4, 5, 0, 3, 3, 2, 3, 0, 0]","[0, 10, 18, 0, 0, 0, 0, 0, 0, 0, 0, 0, 0, 0, 0, 0, 0, 0, 0, 0, 0, 0, 0, 0, 0, 0, 0, 0, 0, 0, 0, 0, 0, 0, 0, 0]"
48,0.05119546,"[0, 16, 14, 0, 0, 1, 0, 0, 0, 0, 0, 0, 0, 0, 0, 0, 0, 0, 0, 0, 0, 0, 0, 0, 0, 0, 0, 0, 0, 0, 0, 0, 0, 0, 0, 0]","[0, 35, 3, 4, 5, 6, 3, 4, 1, 5, 3, 5, 4, 4, 4, 5, 4, 3, 4, 4, 3, 5, 3, 0, 4, 5, 4, 4, 8, 1, 4, 4, 4, 4, 0, 1]","[0, 30, 0, 0, 0, 1, 0, 0, 0, 0, 0, 0, 0, 0, 0, 0, 0, 0, 0, 0, 0, 0, 0, 0, 0, 0, 0, 0, 0, 0, 0, 0, 0, 0, 0, 0]","[0, 5, 23, 0, 0, 0, 0, 0, 0, 0, 0, 0, 0, 0, 0, 0, 0, 0, 0, 0, 0, 0, 0, 0, 0, 0, 0, 0, 0, 0, 0, 0, 0, 0, 0, 0]"
49,0.053131002,"[0, 32, 0, 1, 2, 4, 0, 1, 0, 2, 0, 1, 2, 0, 2, 2, 1, 1, 0, 2, 0, 1, 1, 0, 0, 0, 2, 2, 3, 0, 0, 2, 1, 0, 0, 0]","[0, 32, 0, 1, 3, 3, 0, 1, 0, 2, 0, 1, 2, 0, 2, 2, 2, 0, 0, 2, 0, 2, 0, 0, 0, 0, 2, 2, 2, 1, 0, 2, 1, 0, 0, 0]","[0, 18, 10, 0, 0, 0, 0, 0, 0, 0, 0, 0, 0, 0, 0, 0, 0, 0, 0, 0, 0, 0, 0, 0, 0, 0, 0, 0, 0, 0, 0, 0, 0, 0, 0, 0]","[0, 36, 2, 4, 6, 6, 3, 3, 3, 4, 2, 6, 4, 4, 4, 5, 4, 3, 4, 4, 4, 4, 3, 0, 4, 5, 4, 4, 8, 0, 4, 4, 4, 4, 1, 0]"
50,0.053103888,"[0, 34, 1, 3, 4, 4, 2, 2, 2, 2, 1, 4, 3, 2, 3, 3, 3, 1, 3, 3, 1, 4, 1, 0, 3, 2, 3, 3, 5, 0, 3, 3, 3, 1, 0, 0]","[0, 28, 0, 0, 0, 0, 0, 0, 0, 0, 0, 0, 0, 0, 0, 0, 0, 0, 0, 0, 0, 0, 0, 0, 0, 0, 0, 0, 0, 0, 0, 0, 0, 0, 0, 0]","[0, 43, 7, 8, 14, 10, 9, 8, 9, 12, 7, 9, 12, 9, 9, 12, 9, 9, 8, 12, 8, 10, 8, 8, 9, 11, 8, 10, 14, 8, 8, 10, 11, 8, 8, 4]","[0, 20, 9, 1, 2, 4, 0, 0, 0, 2, 0, 2, 2, 0, 2, 2, 1, 0, 1, 1, 0, 2, 0, 0, 0, 1, 1, 2, 4, 0, 0, 2, 0, 0, 0, 0]"
51,0.056820345,"[0, 28, 0, 0, 0, 0, 0, 0, 0, 0, 0, 0, 0, 0, 0, 0, 0, 0, 0, 0, 0, 0, 0, 0, 0, 0, 0, 0, 0, 0, 0, 0, 0, 0, 0, 0]","[0, 25, 3, 0, 0, 0, 0, 0, 0, 0, 0, 0, 0, 0, 0, 0, 0, 0, 0, 0, 0, 0, 0, 0, 0, 0, 0, 0, 0, 0, 0, 0, 0, 0, 0, 0]","[0, 21, 7, 0, 0, 0, 0, 0, 0, 0, 0, 0, 0, 0, 0, 0, 0, 0, 0, 0, 0, 0, 0, 0, 0, 0, 0, 0, 0, 0, 0, 0, 0, 0, 0, 0]","[0, 27, 1, 0, 0, 0, 0, 0, 0, 0, 0, 0, 0, 0, 0, 0, 0, 0, 0, 0, 0, 0, 0, 0, 0, 0, 0, 0, 0, 0, 0, 0, 0, 0, 0, 0]"
52,0.054268983,"[0, 28, 0, 0, 0, 0, 0, 0, 0, 0, 0, 0, 0, 0, 0, 0, 0, 0, 0, 0, 0, 0, 0, 0, 0, 0, 0, 0, 0, 0, 0, 0, 0, 0, 0, 0]","[0, 26, 2, 0, 0, 0, 0, 0, 0, 0, 0, 0, 0, 0, 0, 0, 0, 0, 0, 0, 0, 0, 0, 0, 0, 0, 0, 0, 0, 0, 0, 0, 0, 0, 0, 0]","[0, 28, 0, 0, 0, 0, 0, 0, 0, 0, 0, 0, 0, 0, 0, 0, 0, 0, 0, 0, 0, 0, 0, 0, 0, 0, 0, 0, 0, 0, 0, 0, 0, 0, 0, 0]","[0, 27, 3, 0, 0, 1, 0, 0, 0, 0, 0, 0, 0, 0, 0, 0, 0, 0, 0, 0, 0, 0, 0, 0, 0, 0, 0, 0, 0, 0, 0, 0, 0, 0, 0, 0]"
53,0.054337454,"[0, 26, 2, 0, 0, 0, 0, 0, 0, 0, 0, 0, 0, 0, 0, 0, 0, 0, 0, 0, 0, 0, 0, 0, 0, 0, 0, 0, 0, 0, 0, 0, 0, 0, 0, 0]","[0, 42, 5, 7, 12, 9, 7, 7, 8, 10, 6, 8, 10, 8, 7, 11, 7, 7, 7, 10, 6, 11, 7, 5, 7, 11, 7, 7, 14, 6, 7, 7, 10, 7, 7, 4]","[0, 6, 22, 0, 0, 0, 0, 0, 0, 0, 0, 0, 0, 0, 0, 0, 0, 0, 0, 0, 0, 0, 0, 0, 0, 0, 0, 0, 0, 0, 0, 0, 0, 0, 0, 0]","[0, 27, 1, 0, 0, 0, 0, 0, 0, 0, 0, 0, 0, 0, 0, 0, 0, 0, 0, 0, 0, 0, 0, 0, 0, 0, 0, 0, 0, 0, 0, 0, 0, 0, 0, 0]"
54,0.052886263,"[0, 28, 0, 0, 0, 0, 0, 0, 0, 0, 0, 0, 0, 0, 0, 0, 0, 0, 0, 0, 0, 0, 0, 0, 0, 0, 0, 0, 0, 0, 0, 0, 0, 0, 0, 0]","[0, 36, 2, 4, 6, 6, 3, 3, 4, 4, 1, 6, 4, 4, 4, 5, 4, 3, 4, 4, 4, 4, 3, 0, 4, 5, 4, 4, 8, 0, 4, 6, 4, 3, 0, 1]","[0, 27, 3, 0, 0, 1, 0, 0, 0, 0, 0, 0, 0, 0, 0, 0, 0, 0, 0, 0, 0, 0, 0, 0, 0, 0, 0, 0, 0, 0, 0, 0, 0, 0, 0, 0]","[0, 30, 0, 0, 0, 1, 0, 0, 0, 0, 0, 0, 0, 0, 0, 0, 0, 0, 0, 0, 0, 0, 0, 0, 0, 0, 0, 0, 0, 0, 0, 0, 0, 0, 0, 0]"
55,0.053041352,"[1, 39, 4, 6, 10, 8, 6, 6, 6, 7, 6, 6, 9, 6, 6, 9, 6, 6, 6, 8, 6, 7, 6, 4, 6, 8, 6, 9, 9, 5, 6, 7, 8, 6, 3, 3]","[0, 36, 2, 4, 5, 7, 3, 3, 4, 4, 1, 6, 4, 4, 4, 5, 4, 3, 4, 4, 3, 4, 4, 0, 5, 4, 4, 4, 8, 0, 4, 4, 5, 3, 1, 0]","[0, 35, 3, 4, 5, 7, 3, 3, 4, 4, 1, 6, 4, 4, 4, 5, 4, 3, 4, 4, 4, 4, 3, 0, 4, 5, 4, 4, 7, 1, 4, 5, 4, 4, 0, 1]","[0, 32, 0, 1, 3, 3, 0, 1, 0, 2, 0, 1, 2, 0, 2, 2, 2, 0, 0, 2, 0, 2, 0, 0, 0, 0, 2, 2, 2, 0, 1, 2, 1, 0, 0, 0]"
56,0.051553474,"[0, 26, 2, 0, 0, 0, 0, 0, 0, 0, 0, 0, 0, 0, 0, 0, 0, 0, 0, 0, 0, 0, 0, 0, 0, 0, 0, 0, 0, 0, 0, 0, 0, 0, 0, 0]","[0, 28, 0, 0, 0, 0, 0, 0, 0, 0, 0, 0, 0, 0, 0, 0, 0, 0, 0, 0, 0, 0, 0, 0, 0, 0, 0, 0, 0, 0, 0, 0, 0, 0, 0, 0]","[0, 26, 2, 0, 0, 0, 0, 0, 0, 0, 0, 0, 0, 0, 0, 0, 0, 0, 0, 0, 0, 0, 0, 0, 0, 0, 0, 0, 0, 0, 0, 0, 0, 0, 0, 0]","[0, 28, 0, 0, 0, 0, 0, 0, 0, 0, 0, 0, 0, 0, 0, 0, 0, 0, 0, 0, 0, 0, 0, 0, 0, 0, 0, 0, 0, 0, 0, 0, 0, 0, 0, 0]"
57,0.052784025,"[0, 1, 27, 0, 0, 0, 0, 0, 0, 0, 0, 0, 0, 0, 0, 0, 0, 0, 0, 0, 0, 0, 0, 0, 0, 0, 0, 0, 0, 0, 0, 0, 0, 0, 0, 0]","[0, 10, 18, 0, 0, 0, 0, 0, 0, 0, 0, 0, 0, 0, 0, 0, 0, 0, 0, 0, 0, 0, 0, 0, 0, 0, 0, 0, 0, 0, 0, 0, 0, 0, 0, 0]","[0, 27, 1, 0, 0, 0, 0, 0, 0, 0, 0, 0, 0, 0, 0, 0, 0, 0, 0, 0, 0, 0, 0, 0, 0, 0, 0, 0, 0, 0, 0, 0, 0, 0, 0, 0]","[0, 11, 17, 0, 0, 0, 0, 0, 0, 0, 0, 0, 0, 0, 0, 0, 0, 0, 0, 0, 0, 0, 0, 0, 0, 0, 0, 0, 0, 0, 0, 0, 0, 0, 0, 0]"
58,0.053731552,"[0, 28, 0, 0, 0, 0, 0, 0, 0, 0, 0, 0, 0, 0, 0, 0, 0, 0, 0, 0, 0, 0, 0, 0, 0, 0, 0, 0, 0, 0, 0, 0, 0, 0, 0, 0]","[0, 36, 2, 4, 6, 6, 3, 3, 4, 4, 1, 6, 4, 4, 4, 5, 4, 3, 4, 4, 2, 5, 4, 0, 4, 5, 4, 4, 7, 1, 4, 6, 4, 3, 0, 0]","[0, 16, 12, 0, 0, 0, 0, 0, 0, 0, 0, 0, 0, 0, 0, 0, 0, 0, 0, 0, 0, 0, 0, 0, 0, 0, 0, 0, 0, 0, 0, 0, 0, 0, 0, 0]","[0, 32, 0, 1, 3, 3, 0, 1, 0, 2, 0, 1, 2, 0, 2, 2, 1, 1, 0, 2, 0, 2, 0, 0, 0, 0, 2, 2, 3, 0, 0, 2, 1, 0, 0, 0]"
59,0.05157612,"[0, 15, 13, 0, 0, 0, 0, 0, 0, 0, 0, 0, 0, 0, 0, 0, 0, 0, 0, 0, 0, 0, 0, 0, 0, 0, 0, 0, 0, 0, 0, 0, 0, 0, 0, 0]","[0, 15, 13, 0, 0, 0, 0, 0, 0, 0, 0, 0, 0, 0, 0, 0, 0, 0, 0, 0, 0, 0, 0, 0, 0, 0, 0, 0, 0, 0, 0, 0, 0, 0, 0, 0]","[0, 47, 9, 10, 18, 12, 13, 10, 12, 14, 11, 11, 15, 11, 14, 14, 13, 10, 10, 17, 8, 16, 10, 10, 12, 15, 10, 15, 15, 10, 10, 15, 12, 12, 10, 10]","[0, 19, 9, 0, 0, 0, 0, 0, 0, 0, 0, 0, 0, 0, 0, 0, 0, 0, 0, 0, 0, 0, 0, 0, 0, 0, 0, 0, 0, 0, 0, 0, 0, 0, 0, 0]"
60,0.051213055,"[0, 31, 1, 1, 3, 3, 0, 1, 0, 2, 0, 1, 2, 0, 2, 2, 2, 0, 0, 2, 0, 2, 0, 0, 0, 0, 2, 2, 3, 0, 0, 2, 1, 0, 0, 0]","[0, 27, 1, 0, 0, 2, 0, 0, 0, 0, 0, 0, 0, 0, 0, 0, 0, 0, 0, 0, 0, 0, 0, 0, 0, 0, 0, 0, 0, 0, 0, 0, 0, 0, 0, 0]","[0, 22, 6, 0, 0, 0, 0, 0, 0, 0, 0, 0, 0, 0, 0, 0, 0, 0, 0, 0, 0, 0, 0, 0, 0, 0, 0, 0, 0, 0, 0, 0, 0, 0, 0, 0]","[0, 30, 0, 0, 0, 1, 0, 0, 0, 0, 0, 0, 0, 0, 0, 0, 0, 0, 0, 0, 0, 0, 0, 0, 0, 0, 0, 0, 0, 0, 0, 0, 0, 0, 0, 0]"
61,0.053839696,"[0, 29, 3, 1, 2, 4, 0, 1, 0, 2, 0, 1, 2, 0, 2, 2, 1, 1, 0, 2, 0, 2, 0, 0, 0, 0, 2, 2, 3, 0, 0, 2, 1, 0, 0, 0]","[0, 30, 0, 0, 0, 1, 0, 0, 0, 0, 0, 0, 0, 0, 0, 0, 0, 0, 0, 0, 0, 0, 0, 0, 0, 0, 0, 0, 0, 0, 0, 0, 0, 0, 0, 0]","[0, 28, 0, 0, 0, 0, 0, 0, 0, 0, 0, 0, 0, 0, 0, 0, 0, 0, 0, 0, 0, 0, 0, 0, 0, 0, 0, 0, 0, 0, 0, 0, 0, 0, 0, 0]","[0, 30, 0, 0, 0, 1, 0, 0, 0, 0, 0, 0, 0, 0, 0, 0, 0, 0, 0, 0, 0, 0, 0, 0, 0, 0, 0, 0, 0, 0, 0, 0, 0, 0, 0, 0]"
62,0.053079607,"[0, 30, 0, 0, 0, 1, 0, 0, 0, 0, 0, 0, 0, 0, 0, 0, 0, 0, 0, 0, 0, 0, 0, 0, 0, 0, 0, 0, 0, 0, 0, 0, 0, 0, 0, 0]","[0, 28, 0, 0, 0, 0, 0, 0, 0, 0, 0, 0, 0, 0, 0, 0, 0, 0, 0, 0, 0, 0, 0, 0, 0, 0, 0, 0, 0, 0, 0, 0, 0, 0, 0, 0]","[2, 46, 8, 10, 17, 13, 13, 10, 12, 14, 11, 12, 16, 10, 11, 17, 10, 13, 10, 14, 10, 17, 10, 10, 10, 15, 10, 16, 14, 10, 11, 14, 12, 12, 10, 10]","[0, 30, 0, 0, 0, 1, 0, 0, 0, 0, 0, 0, 0, 0, 0, 0, 0, 0, 0, 0, 0, 0, 0, 0, 0, 0, 0, 0, 0, 0, 0, 0, 0, 0, 0, 0]"
63,0.052716039,"[0, 32, 0, 1, 2, 4, 0, 1, 0, 2, 0, 1, 2, 0, 2, 2, 1, 0, 2, 0, 0, 2, 0, 0, 0, 1, 1, 3, 3, 0, 0, 2, 1, 0, 0, 0]","[0, 26, 2, 0, 0, 0, 0, 0, 0, 0, 0, 0, 0, 0, 0, 0, 0, 0, 0, 0, 0, 0, 0, 0, 0, 0, 0, 0, 0, 0, 0, 0, 0, 0, 0, 0]","[0, 38, 6, 6, 9, 9, 6, 6, 6, 7, 6, 6, 8, 7, 6, 9, 6, 6, 6, 8, 6, 7, 6, 5, 5, 8, 6, 9, 8, 6, 6, 8, 7, 6, 2, 5]","[0, 32, 0, 1, 3, 3, 0, 1, 0, 2, 0, 1, 2, 0, 2, 2, 2, 0, 0, 2, 0, 2, 0, 0, 0, 0, 2, 2, 2, 0, 1, 2, 1, 0, 0, 0]"
64,0.05151168,"[0, 25, 3, 0, 0, 0, 0, 0, 0, 0, 0, 0, 0, 0, 0, 0, 0, 0, 0, 0, 0, 0, 0, 0, 0, 0, 0, 0, 0, 0, 0, 0, 0, 0, 0, 0]","[0, 27, 1, 0, 0, 0, 0, 0, 0, 0, 0, 0, 0, 0, 0, 0, 0, 0, 0, 0, 0, 0, 0, 0, 0, 0, 0, 0, 0, 0, 0, 0, 0, 0, 0, 0]","[0, 30, 5, 3, 4, 4, 2, 2, 0, 4, 1, 4, 3, 2, 3, 3, 3, 1, 3, 3, 2, 3, 1, 0, 3, 2, 3, 3, 4, 1, 3, 3, 3, 1, 0, 0]","[0, 28, 0, 0, 0, 0, 0, 0, 0, 0, 0, 0, 0, 0, 0, 0, 0, 0, 0, 0, 0, 0, 0, 0, 0, 0, 0, 0, 0, 0, 0, 0, 0, 0, 0, 0]"
65,0.053404356,"[0, 26, 4, 0, 0, 1, 0, 0, 0, 0, 0, 0, 0, 0, 0, 0, 0, 0, 0, 0, 0, 0, 0, 0, 0, 0, 0, 0, 0, 0, 0, 0, 0, 0, 0, 0]","[0, 28, 0, 0, 0, 0, 0, 0, 0, 0, 0, 0, 0, 0, 0, 0, 0, 0, 0, 0, 0, 0, 0, 0, 0, 0, 0, 0, 0, 0, 0, 0, 0, 0, 0, 0]","[1, 41, 5, 7, 12, 9, 7, 7, 8, 10, 6, 8, 10, 7, 8, 11, 7, 7, 7, 11, 7, 8, 7, 6, 7, 10, 7, 9, 12, 7, 7, 7, 11, 6, 7, 2]","[0, 32, 0, 1, 3, 3, 0, 1, 0, 2, 0, 1, 2, 0, 2, 2, 2, 0, 0, 2, 0, 2, 0, 0, 0, 0, 2, 2, 3, 0, 0, 2, 1, 0, 0, 0]"
66,0.050250594,"[0, 34, 1, 3, 3, 5, 2, 2, 2, 2, 1, 4, 3, 2, 3, 3, 3, 1, 3, 3, 0, 4, 2, 0, 2, 3, 3, 3, 4, 2, 1, 4, 2, 2, 1, 0]","[0, 7, 21, 0, 0, 0, 0, 0, 0, 0, 0, 0, 0, 0, 0, 0, 0, 0, 0, 0, 0, 0, 0, 0, 0, 0, 0, 0, 0, 0, 0, 0, 0, 0, 0, 0]","[0, 37, 4, 5, 8, 7, 5, 5, 2, 6, 5, 5, 7, 5, 6, 6, 6, 4, 5, 5, 5, 6, 5, 2, 5, 6, 5, 8, 7, 3, 5, 7, 5, 5, 0, 4]","[0, 26, 2, 0, 0, 0, 0, 0, 0, 0, 0, 0, 0, 0, 0, 0, 0, 0, 0, 0, 0, 0, 0, 0, 0, 0, 0, 0, 0, 0, 0, 0, 0, 0, 0, 0]"
67,0.053706773,"[1, 37, 3, 5, 8, 7, 5, 5, 3, 6, 4, 6, 7, 4, 5, 8, 5, 4, 5, 5, 5, 6, 5, 2, 6, 5, 5, 8, 6, 5, 4, 6, 6, 5, 1, 3]","[0, 20, 8, 0, 0, 0, 0, 0, 0, 0, 0, 0, 0, 0, 0, 0, 0, 0, 0, 0, 0, 0, 0, 0, 0, 0, 0, 0, 0, 0, 0, 0, 0, 0, 0, 0]","[0, 14, 14, 0, 0, 0, 0, 0, 0, 0, 0, 0, 0, 0, 0, 0, 0, 0, 0, 0, 0, 0, 0, 0, 0, 0, 0, 0, 0, 0, 0, 0, 0, 0, 0, 0]","[0, 40, 4, 6, 10, 8, 6, 6, 6, 7, 6, 6, 8, 7, 6, 9, 6, 6, 6, 8, 6, 7, 6, 4, 6, 8, 6, 9, 9, 5, 6, 6, 9, 5, 5, 2]"
68,0.051846734,"[0, 30, 0, 0, 0, 1, 0, 0, 0, 0, 0, 0, 0, 0, 0, 0, 0, 0, 0, 0, 0, 0, 0, 0, 0, 0, 0, 0, 0, 0, 0, 0, 0, 0, 0, 0]","[0, 25, 3, 0, 0, 0, 0, 0, 0, 0, 0, 0, 0, 0, 0, 0, 0, 0, 0, 0, 0, 0, 0, 0, 0, 0, 0, 0, 0, 0, 0, 0, 0, 0, 0, 0]","[0, 33, 2, 3, 3, 5, 2, 2, 1, 3, 1, 4, 3, 2, 3, 3, 3, 1, 3, 3, 1, 3, 2, 0, 3, 1, 3, 5, 4, 0, 3, 3, 3, 1, 0, 0]","[0, 2, 26, 0, 0, 0, 0, 0, 0, 0, 0, 0, 0, 0, 0, 0, 0, 0, 0, 0, 0, 0, 0, 0, 0, 0, 0, 0, 0, 0, 0, 0, 0, 0, 0, 0]"
69,0.053346957,"[0, 28, 0, 0, 0, 0, 0, 0, 0, 0, 0, 0, 0, 0, 0, 0, 0, 0, 0, 0, 0, 0, 0, 0, 0, 0, 0, 0, 0, 0, 0, 0, 0, 0, 0, 0]","[1, 29, 0, 0, 0, 1, 0, 0, 0, 0, 0, 0, 0, 0, 0, 0, 0, 0, 0, 0, 0, 0, 0, 0, 0, 0, 0, 0, 0, 0, 0, 0, 0, 0, 0, 0]","[0, 26, 2, 0, 0, 0, 0, 0, 0, 0, 0, 0, 0, 0, 0, 0, 0, 0, 0, 0, 0, 0, 0, 0, 0, 0, 0, 0, 0, 0, 0, 0, 0, 0, 0, 0]","[0, 40, 4, 6, 9, 9, 6, 6, 6, 7, 6, 6, 10, 5, 6, 9, 6, 6, 6, 8, 6, 7, 6, 4, 6, 9, 6, 6, 12, 4, 6, 7, 7, 6, 5, 1]"
70,0.053222819,"[0, 30, 0, 0, 0, 1, 0, 0, 0, 0, 0, 0, 0, 0, 0, 0, 0, 0, 0, 0, 0, 0, 0, 0, 0, 0, 0, 0, 0, 0, 0, 0, 0, 0, 0, 0]","[0, 8, 20, 0, 0, 0, 0, 0, 0, 0, 0, 0, 0, 0, 0, 0, 0, 0, 0, 0, 0, 0, 0, 0, 0, 0, 0, 0, 0, 0, 0, 0, 0, 0, 0, 0]","[0, 22, 6, 0, 0, 0, 0, 0, 0, 0, 0, 0, 0, 0, 0, 0, 0, 0, 0, 0, 0, 0, 0, 0, 0, 0, 0, 0, 0, 0, 0, 0, 0, 0, 0, 0]","[0, 19, 9, 0, 0, 0, 0, 0, 0, 0, 0, 0, 0, 0, 0, 0, 0, 0, 0, 0, 0, 0, 0, 0, 0, 0, 0, 0, 0, 0, 0, 0, 0, 0, 0, 0]"
71,0.053458549,"[0, 45, 8, 9, 16, 11, 11, 9, 9, 15, 9, 9, 14, 10, 12, 12, 10, 11, 9, 14, 9, 13, 8, 10, 10, 13, 9, 11, 16, 9, 9, 11, 13, 10, 9, 9]","[0, 11, 17, 0, 0, 0, 0, 0, 0, 0, 0, 0, 0, 0, 0, 0, 0, 0, 0, 0, 0, 0, 0, 0, 0, 0, 0, 0, 0, 0, 0, 0, 0, 0, 0, 0]","[0, 34, 1, 3, 4, 4, 2, 2, 2, 2, 1, 4, 3, 2, 3, 3, 3, 1, 3, 3, 2, 3, 1, 0, 3, 2, 3, 4, 3, 1, 3, 3, 3, 1, 0, 0]","[0, 46, 7, 9, 16, 11, 11, 9, 12, 12, 9, 10, 14, 10, 9, 15, 9, 12, 9, 12, 9, 14, 9, 9, 10, 13, 9, 13, 14, 9, 9, 12, 12, 10, 9, 8]"
72,0.054710636,"[0, 30, 0, 0, 0, 1, 0, 0, 0, 0, 0, 0, 0, 0, 0, 0, 0, 0, 0, 0, 0, 0, 0, 0, 0, 0, 0, 0, 0, 0, 0, 0, 0, 0, 0, 0]","[0, 30, 2, 1, 3, 3, 0, 1, 0, 2, 0, 1, 2, 0, 2, 2, 2, 0, 0, 2, 0, 2, 0, 0, 0, 0, 2, 2, 2, 0, 1, 2, 1, 0, 0, 0]","[0, 4, 24, 0, 0, 0, 0, 0, 0, 0, 0, 0, 0, 0, 0, 0, 0, 0, 0, 0, 0, 0, 0, 0, 0, 0, 0, 0, 0, 0, 0, 0, 0, 0, 0, 0]","[0, 42, 5, 7, 11, 10, 7, 7, 8, 10, 6, 8, 10, 8, 7, 11, 7, 7, 7, 11, 7, 8, 7, 6, 8, 9, 7, 10, 11, 7, 7, 8, 10, 7, 5, 4]"
73,0.053339892,"[0, 0, 27, 1, 0, 0, 0, 0, 0, 0, 0, 0, 0, 0, 0, 0, 0, 0, 0, 0, 0, 0, 0, 0, 0, 0, 0, 0, 0, 0, 0, 0, 0, 0, 0, 0]","[0, 22, 6, 0, 0, 0, 0, 0, 0, 0, 0, 0, 0, 0, 0, 0, 0, 0, 0, 0, 0, 0, 0, 0, 0, 0, 0, 0, 0, 0, 0, 0, 0, 0, 0, 0]","[0, 52, 10, 12, 21, 15, 17, 12, 16, 17, 12, 14, 19, 13, 16, 18, 13, 16, 13, 18, 12, 20, 12, 12, 15, 18, 13, 17, 18, 12, 15, 15, 17, 14, 12, 12]","[0, 36, 2, 4, 5, 7, 3, 3, 3, 4, 2, 6, 4, 4, 4, 5, 4, 3, 4, 4, 3, 4, 4, 0, 4, 5, 4, 4, 8, 0, 4, 5, 4, 4, 0, 1]"
74,0.053040739,"[0, 27, 1, 0, 0, 0, 0, 0, 0, 0, 0, 0, 0, 0, 0, 0, 0, 0, 0, 0, 0, 0, 0, 0, 0, 0, 0, 0, 0, 0, 0, 0, 0, 0, 0, 0]","[0, 28, 0, 0, 0, 0, 0, 0, 0, 0, 0, 0, 0, 0, 0, 0, 0, 0, 0, 0, 0, 0, 0, 0, 0, 0, 0, 0, 0, 0, 0, 0, 0, 0, 0, 0]","[0, 0, 28, 0, 0, 0, 0, 0, 0, 0, 0, 0, 0, 0, 0, 0, 0, 0, 0, 0, 0, 0, 0, 0, 0, 0, 0, 0, 0, 0, 0, 0, 0, 0, 0, 0]","[0, 25, 3, 0, 0, 0, 0, 0, 0, 0, 0, 0, 0, 0, 0, 0, 0, 0, 0, 0, 0, 0, 0, 0, 0, 0, 0, 0, 0, 0, 0, 0, 0, 0, 0, 0]"
75,0.054592529,"[0, 28, 0, 0, 0, 0, 0, 0, 0, 0, 0, 0, 0, 0, 0, 0, 0, 0, 0, 0, 0, 0, 0, 0, 0, 0, 0, 0, 0, 0, 0, 0, 0, 0, 0, 0]","[0, 3, 25, 0, 0, 0, 0, 0, 0, 0, 0, 0, 0, 0, 0, 0, 0, 0, 0, 0, 0, 0, 0, 0, 0, 0, 0, 0, 0, 0, 0, 0, 0, 0, 0, 0]","[0, 32, 0, 1, 3, 3, 0, 1, 0, 2, 0, 1, 2, 0, 2, 2, 2, 0, 0, 2, 0, 2, 0, 0, 0, 0, 2, 2, 2, 0, 1, 2, 1, 0, 0, 0]","[0, 0, 28, 0, 0, 0, 0, 0, 0, 0, 0, 0, 0, 0, 0, 0, 0, 0, 0, 0, 0, 0, 0, 0, 0, 0, 0, 0, 0, 0, 0, 0, 0, 0, 0, 0]"
76,0.056013129,"[0, 30, 0, 0, 0, 1, 0, 0, 0, 0, 0, 0, 0, 0, 0, 0, 0, 0, 0, 0, 0, 0, 0, 0, 0, 0, 0, 0, 0, 0, 0, 0, 0, 0, 0, 0]","[0, 21, 7, 0, 0, 0, 0, 0, 0, 0, 0, 0, 0, 0, 0, 0, 0, 0, 0, 0, 0, 0, 0, 0, 0, 0, 0, 0, 0, 0, 0, 0, 0, 0, 0, 0]","[0, 46, 10, 10, 18, 12, 12, 11, 12, 15, 10, 10, 16, 11, 15, 12, 13, 11, 10, 16, 10, 16, 10, 10, 11, 15, 10, 13, 17, 10, 10, 15, 12, 12, 10, 10]","[0, 29, 1, 0, 0, 1, 0, 0, 0, 0, 0, 0, 0, 0, 0, 0, 0, 0, 0, 0, 0, 0, 0, 0, 0, 0, 0, 0, 0, 0, 0, 0, 0, 0, 0, 0]"
77,0.052808808,"[0, 36, 2, 4, 6, 6, 3, 3, 3, 4, 2, 6, 4, 4, 4, 5, 4, 3, 4, 4, 3, 5, 3, 0, 4, 5, 4, 4, 8, 0, 4, 4, 4, 4, 1, 0]","[0, 25, 3, 0, 0, 0, 0, 0, 0, 0, 0, 0, 0, 0, 0, 0, 0, 0, 0, 0, 0, 0, 0, 0, 0, 0, 0, 0, 0, 0, 0, 0, 0, 0, 0, 0]","[0, 23, 7, 0, 0, 1, 0, 0, 0, 0, 0, 0, 0, 0, 0, 0, 0, 0, 0, 0, 0, 0, 0, 0, 0, 0, 0, 0, 0, 0, 0, 0, 0, 0, 0, 0]","[0, 32, 0, 1, 3, 3, 0, 1, 0, 2, 0, 1, 2, 0, 2, 2, 2, 0, 0, 2, 0, 2, 0, 0, 0, 0, 2, 2, 2, 0, 1, 2, 1, 0, 0, 0]"
78,0.053194842,"[0, 21, 7, 0, 0, 0, 0, 0, 0, 0, 0, 0, 0, 0, 0, 0, 0, 0, 0, 0, 0, 0, 0, 0, 0, 0, 0, 0, 0, 0, 0, 0, 0, 0, 0, 0]","[0, 39, 5, 6, 9, 9, 6, 6, 5, 8, 6, 6, 9, 6, 6, 9, 6, 6, 6, 8, 6, 7, 6, 4, 7, 7, 6, 8, 10, 5, 6, 7, 6, 8, 3, 3]","[0, 23, 5, 0, 0, 0, 0, 0, 0, 0, 0, 0, 0, 0, 0, 0, 0, 0, 0, 0, 0, 0, 0, 0, 0, 0, 0, 0, 0, 0, 0, 0, 0, 0, 0, 0]","[0, 34, 1, 3, 4, 4, 2, 2, 1, 3, 1, 4, 3, 2, 3, 3, 3, 1, 3, 3, 0, 4, 2, 0, 2, 3, 3, 3, 4, 1, 2, 4, 3, 1, 0, 0]"
79,0.051929431,"[0, 26, 2, 0, 0, 0, 0, 0, 0, 0, 0, 0, 0, 0, 0, 0, 0, 0, 0, 0, 0, 0, 0, 0, 0, 0, 0, 0, 0, 0, 0, 0, 0, 0, 0, 0]","[0, 33, 2, 3, 3, 5, 2, 2, 0, 4, 0, 6, 2, 2, 3, 3, 3, 1, 3, 3, 0, 4, 2, 0, 3, 2, 3, 3, 5, 0, 3, 3, 3, 1, 0, 0]","[0, 28, 2, 0, 0, 1, 0, 0, 0, 0, 0, 0, 0, 0, 0, 0, 0, 0, 0, 0, 0, 0, 0, 0, 0, 0, 0, 0, 0, 0, 0, 0, 0, 0, 0, 0]","[0, 30, 0, 0, 0, 1, 0, 0, 0, 0, 0, 0, 0, 0, 0, 0, 0, 0, 0, 0, 0, 0, 0, 0, 0, 0, 0, 0, 0, 0, 0, 0, 0, 0, 0, 0]"
80,0.055853595,"[0, 32, 0, 1, 3, 3, 0, 1, 0, 2, 0, 1, 2, 0, 2, 2, 2, 0, 0, 2, 0, 2, 0, 0, 0, 0, 2, 2, 2, 0, 1, 2, 1, 0, 0, 0]","[0, 34, 1, 3, 4, 4, 2, 2, 2, 2, 0, 5, 3, 2, 3, 3, 3, 1, 3, 3, 1, 4, 1, 0, 3, 2, 3, 3, 5, 0, 3, 3, 3, 1, 0, 0]","[0, 30, 0, 0, 0, 1, 0, 0, 0, 0, 0, 0, 0, 0, 0, 0, 0, 0, 0, 0, 0, 0, 0, 0, 0, 0, 0, 0, 0, 0, 0, 0, 0, 0, 0, 0]","[0, 27, 3, 1, 2, 3, 0, 1, 0, 2, 0, 2, 1, 0, 3, 2, 0, 0, 2, 1, 0, 2, 0, 0, 0, 1, 1, 2, 2, 1, 0, 2, 1, 1, 0, 0]"
81,0.054890146,"[0, 11, 17, 0, 0, 0, 0, 0, 0, 0, 0, 0, 0, 0, 0, 0, 0, 0, 0, 0, 0, 0, 0, 0, 0, 0, 0, 0, 0, 0, 0, 0, 0, 0, 0, 0]","[0, 27, 1, 0, 0, 0, 0, 0, 0, 0, 0, 0, 0, 0, 0, 0, 0, 0, 0, 0, 0, 0, 0, 0, 0, 0, 0, 0, 0, 0, 0, 0, 0, 0, 0, 0]","[0, 38, 3, 5, 7, 8, 5, 5, 4, 5, 4, 6, 6, 5, 5, 8, 4, 5, 5, 5, 5, 6, 5, 2, 5, 6, 5, 7, 7, 5, 5, 5, 5, 5, 2, 2]","[0, 12, 16, 0, 0, 0, 0, 0, 0, 0, 0, 0, 0, 0, 0, 0, 0, 0, 0, 0, 0, 0, 0, 0, 0, 0, 0, 0, 0, 0, 0, 0, 0, 0, 0, 0]"
82,0.054238253,"[0, 34, 1, 3, 4, 4, 2, 2, 2, 2, 1, 4, 3, 2, 3, 3, 3, 1, 3, 3, 2, 3, 1, 0, 3, 2, 3, 4, 3, 1, 3, 3, 3, 1, 0, 0]","[0, 34, 1, 3, 4, 4, 2, 2, 1, 3, 1, 4, 3, 2, 3, 3, 3, 1, 3, 3, 1, 3, 2, 0, 2, 2, 4, 3, 4, 2, 1, 4, 2, 3, 0, 0]","[0, 27, 1, 0, 0, 0, 0, 0, 0, 0, 0, 0, 0, 0, 0, 0, 0, 0, 0, 0, 0, 0, 0, 0, 0, 0, 0, 0, 0, 0, 0, 0, 0, 0, 0, 0]","[0, 11, 19, 0, 0, 1, 0, 0, 0, 0, 0, 0, 0, 0, 0, 0, 0, 0, 0, 0, 0, 0, 0, 0, 0, 0, 0, 0, 0, 0, 0, 0, 0, 0, 0, 0]"
83,0.052737882,"[0, 29, 1, 0, 0, 1, 0, 0, 0, 0, 0, 0, 0, 0, 0, 0, 0, 0, 0, 0, 0, 0, 0, 0, 0, 0, 0, 0, 0, 0, 0, 0, 0, 0, 0, 0]","[0, 0, 28, 0, 0, 0, 0, 0, 0, 0, 0, 0, 0, 0, 0, 0, 0, 0, 0, 0, 0, 0, 0, 0, 0, 0, 0, 0, 0, 0, 0, 0, 0, 0, 0, 0]","[0, 28, 0, 0, 0, 0, 0, 0, 0, 0, 0, 0, 0, 0, 0, 0, 0, 0, 0, 0, 0, 0, 0, 0, 0, 0, 0, 0, 0, 0, 0, 0, 0, 0, 0, 0]","[0, 21, 7, 0, 0, 0, 0, 0, 0, 0, 0, 0, 0, 0, 0, 0, 0, 0, 0, 0, 0, 0, 0, 0, 0, 0, 0, 0, 0, 0, 0, 0, 0, 0, 0, 0]"
84,0.052415793,"[0, 30, 0, 0, 0, 1, 0, 0, 0, 0, 0, 0, 0, 0, 0, 0, 0, 0, 0, 0, 0, 0, 0, 0, 0, 0, 0, 0, 0, 0, 0, 0, 0, 0, 0, 0]","[0, 28, 0, 0, 0, 0, 0, 0, 0, 0, 0, 0, 0, 0, 0, 0, 0, 0, 0, 0, 0, 0, 0, 0, 0, 0, 0, 0, 0, 0, 0, 0, 0, 0, 0, 0]","[0, 23, 5, 0, 0, 0, 0, 0, 0, 0, 0, 0, 0, 0, 0, 0, 0, 0, 0, 0, 0, 0, 0, 0, 0, 0, 0, 0, 0, 0, 0, 0, 0, 0, 0, 0]","[0, 26, 2, 0, 0, 0, 0, 0, 0, 0, 0, 0, 0, 0, 0, 0, 0, 0, 0, 0, 0, 0, 0, 0, 0, 0, 0, 0, 0, 0, 0, 0, 0, 0, 0, 0]"
85,0.051351332,"[0, 26, 2, 0, 0, 0, 0, 0, 0, 0, 0, 0, 0, 0, 0, 0, 0, 0, 0, 0, 0, 0, 0, 0, 0, 0, 0, 0, 0, 0, 0, 0, 0, 0, 0, 0]","[1, 39, 4, 6, 9, 9, 6, 6, 6, 7, 6, 6, 9, 6, 6, 9, 6, 6, 6, 8, 6, 7, 6, 4, 6, 9, 6, 7, 11, 4, 6, 7, 7, 6, 5, 1]","[0, 25, 3, 0, 0, 0, 0, 0, 0, 0, 0, 0, 0, 0, 0, 0, 0, 0, 0, 0, 0, 0, 0, 0, 0, 0, 0, 0, 0, 0, 0, 0, 0, 0, 0, 0]","[0, 11, 18, 0, 0, 2, 0, 0, 0, 0, 0, 0, 0, 0, 0, 0, 0, 0, 0, 0, 0, 0, 0, 0, 0, 0, 0, 0, 0, 0, 0, 0, 0, 0, 0, 0]"
86,0.053882966,"[0, 36, 2, 4, 6, 6, 3, 3, 3, 4, 2, 6, 4, 4, 4, 5, 4, 3, 4, 4, 4, 4, 3, 0, 4, 5, 4, 4, 8, 0, 4, 5, 4, 4, 0, 0]","[0, 20, 8, 0, 0, 0, 0, 0, 0, 0, 0, 0, 0, 0, 0, 0, 0, 0, 0, 0, 0, 0, 0, 0, 0, 0, 0, 0, 0, 0, 0, 0, 0, 0, 0, 0]","[0, 27, 1, 0, 0, 0, 0, 0, 0, 0, 0, 0, 0, 0, 0, 0, 0, 0, 0, 0, 0, 0, 0, 0, 0, 0, 0, 0, 0, 0, 0, 0, 0, 0, 0, 0]","[0, 38, 3, 5, 8, 7, 5, 5, 4, 6, 3, 7, 6, 5, 5, 6, 6, 4, 5, 5, 5, 6, 5, 2, 5, 6, 5, 8, 7, 3, 5, 7, 5, 5, 0, 4]"
87,0.053496862,"[0, 25, 3, 0, 0, 0, 0, 0, 0, 0, 0, 0, 0, 0, 0, 0, 0, 0, 0, 0, 0, 0, 0, 0, 0, 0, 0, 0, 0, 0, 0, 0, 0, 0, 0, 0]","[0, 25, 3, 0, 0, 0, 0, 0, 0, 0, 0, 0, 0, 0, 0, 0, 0, 0, 0, 0, 0, 0, 0, 0, 0, 0, 0, 0, 0, 0, 0, 0, 0, 0, 0, 0]","[0, 20, 8, 0, 0, 0, 0, 0, 0, 0, 0, 0, 0, 0, 0, 0, 0, 0, 0, 0, 0, 0, 0, 0, 0, 0, 0, 0, 0, 0, 0, 0, 0, 0, 0, 0]","[0, 21, 7, 0, 0, 0, 0, 0, 0, 0, 0, 0, 0, 0, 0, 0, 0, 0, 0, 0, 0, 0, 0, 0, 0, 0, 0, 0, 0, 0, 0, 0, 0, 0, 0, 0]"
88,0.05069465,"[0, 30, 0, 0, 0, 1, 0, 0, 0, 0, 0, 0, 0, 0, 0, 0, 0, 0, 0, 0, 0, 0, 0, 0, 0, 0, 0, 0, 0, 0, 0, 0, 0, 0, 0, 0]","[0, 28, 0, 0, 0, 0, 0, 0, 0, 0, 0, 0, 0, 0, 0, 0, 0, 0, 0, 0, 0, 0, 0, 0, 0, 0, 0, 0, 0, 0, 0, 0, 0, 0, 0, 0]","[0, 19, 9, 0, 0, 0, 0, 0, 0, 0, 0, 0, 0, 0, 0, 0, 0, 0, 0, 0, 0, 0, 0, 0, 0, 0, 0, 0, 0, 0, 0, 0, 0, 0, 0, 0]","[0, 41, 6, 7, 12, 9, 7, 7, 7, 11, 6, 8, 10, 8, 7, 11, 7, 7, 7, 10, 7, 10, 7, 5, 7, 10, 8, 7, 14, 6, 7, 7, 10, 7, 7, 1]"
89,0.053931395,"[0, 39, 5, 6, 10, 8, 6, 6, 6, 7, 6, 6, 10, 5, 6, 9, 6, 6, 6, 8, 6, 7, 6, 5, 6, 7, 6, 8, 10, 5, 6, 7, 8, 6, 2, 5]","[0, 31, 1, 0, 3, 3, 0, 1, 0, 2, 0, 2, 1, 1, 2, 2, 1, 0, 0, 2, 0, 2, 0, 0, 0, 0, 2, 2, 3, 0, 0, 2, 2, 0, 0, 0]","[0, 16, 12, 0, 0, 0, 0, 0, 0, 0, 0, 0, 0, 0, 0, 0, 0, 0, 0, 0, 0, 0, 0, 0, 0, 0, 0, 0, 0, 0, 0, 0, 0, 0, 0, 0]","[0, 23, 5, 0, 0, 0, 0, 0, 0, 0, 0, 0, 0, 0, 0, 0, 0, 0, 0, 0, 0, 0, 0, 0, 0, 0, 0, 0, 0, 0, 0, 0, 0, 0, 0, 0]"
90,0.050725707,"[0, 32, 0, 1, 3, 3, 0, 1, 0, 2, 0, 1, 2, 0, 2, 2, 2, 0, 0, 2, 0, 2, 0, 0, 0, 0, 2, 2, 3, 0, 0, 2, 1, 0, 0, 0]","[0, 18, 10, 0, 0, 0, 0, 0, 0, 0, 0, 0, 0, 0, 0, 0, 0, 0, 0, 0, 0, 0, 0, 0, 0, 0, 0, 0, 0, 0, 0, 0, 0, 0, 0, 0]","[0, 33, 2, 3, 4, 4, 2, 2, 2, 2, 1, 4, 3, 2, 3, 3, 3, 1, 3, 3, 2, 3, 1, 0, 2, 3, 3, 3, 5, 0, 3, 3, 3, 1, 0, 0]","[0, 28, 0, 0, 0, 0, 0, 0, 0, 0, 0, 0, 0, 0, 0, 0, 0, 0, 0, 0, 0, 0, 0, 0, 0, 0, 0, 0, 0, 0, 0, 0, 0, 0, 0, 0]"
91,0.052293161,"[0, 28, 0, 0, 0, 0, 0, 0, 0, 0, 0, 0, 0, 0, 0, 0, 0, 0, 0, 0, 0, 0, 0, 0, 0, 0, 0, 0, 0, 0, 0, 0, 0, 0, 0, 0]","[0, 28, 0, 0, 0, 0, 0, 0, 0, 0, 0, 0, 0, 0, 0, 0, 0, 0, 0, 0, 0, 0, 0, 0, 0, 0, 0, 0, 0, 0, 0, 0, 0, 0, 0, 0]","[1, 35, 2, 4, 5, 7, 3, 3, 3, 4, 2, 6, 4, 4, 4, 5, 4, 3, 4, 4, 4, 4, 3, 0, 4, 5, 4, 4, 6, 2, 4, 4, 5, 3, 1, 0]","[0, 0, 26, 2, 0, 0, 0, 0, 0, 0, 0, 0, 0, 0, 0, 0, 0, 0, 0, 0, 0, 0, 0, 0, 0, 0, 0, 0, 0, 0, 0, 0, 0, 0, 0, 0]"
92,0.053359883,"[0, 27, 3, 0, 0, 1, 0, 0, 0, 0, 0, 0, 0, 0, 0, 0, 0, 0, 0, 0, 0, 0, 0, 0, 0, 0, 0, 0, 0, 0, 0, 0, 0, 0, 0, 0]","[0, 19, 9, 0, 0, 2, 0, 0, 0, 0, 0, 0, 0, 0, 0, 0, 0, 0, 0, 0, 0, 0, 0, 0, 0, 0, 0, 0, 0, 0, 0, 0, 0, 0, 0, 0]","[1, 27, 2, 0, 0, 1, 0, 0, 0, 0, 0, 0, 0, 0, 0, 0, 0, 0, 0, 0, 0, 0, 0, 0, 0, 0, 0, 0, 0, 0, 0, 0, 0, 0, 0, 0]","[0, 42, 5, 7, 11, 9, 8, 7, 7, 11, 6, 8, 9, 9, 7, 11, 7, 7, 7, 10, 7, 10, 7, 6, 7, 9, 7, 9, 12, 7, 7, 7, 11, 6, 7, 2]"
93,0.053825147,"[0, 27, 1, 0, 0, 0, 0, 0, 0, 0, 0, 0, 0, 0, 0, 0, 0, 0, 0, 0, 0, 0, 0, 0, 0, 0, 0, 0, 0, 0, 0, 0, 0, 0, 0, 0]","[0, 26, 2, 0, 0, 0, 0, 0, 0, 0, 0, 0, 0, 0, 0, 0, 0, 0, 0, 0, 0, 0, 0, 0, 0, 0, 0, 0, 0, 0, 0, 0, 0, 0, 0, 0]","[0, 23, 5, 0, 0, 0, 0, 0, 0, 0, 0, 0, 0, 0, 0, 0, 0, 0, 0, 0, 0, 0, 0, 0, 0, 0, 0, 0, 0, 0, 0, 0, 0, 0, 0, 0]","[0, 29, 1, 0, 0, 1, 0, 0, 0, 0, 0, 0, 0, 0, 0, 0, 0, 0, 0, 0, 0, 0, 0, 0, 0, 0, 0, 0, 0, 0, 0, 0, 0, 0, 0, 0]"
94,0.0567147,"[0, 32, 0, 1, 2, 4, 0, 1, 0, 2, 0, 1, 2, 0, 2, 2, 1, 0, 2, 0, 0, 2, 0, 0, 0, 2, 0, 3, 3, 0, 0, 2, 1, 0, 0, 0]","[0, 6, 22, 0, 0, 0, 0, 0, 0, 0, 0, 0, 0, 0, 0, 0, 0, 0, 0, 0, 0, 0, 0, 0, 0, 0, 0, 0, 0, 0, 0, 0, 0, 0, 0, 0]","[0, 2, 26, 0, 0, 0, 0, 0, 0, 0, 0, 0, 0, 0, 0, 0, 0, 0, 0, 0, 0, 0, 0, 0, 0, 0, 0, 0, 0, 0, 0, 0, 0, 0, 0, 0]","[0, 20, 8, 0, 0, 0, 0, 0, 0, 0, 0, 0, 0, 0, 0, 0, 0, 0, 0, 0, 0, 0, 0, 0, 0, 0, 0, 0, 0, 0, 0, 0, 0, 0, 0, 0]"
95,0.050863187,"[0, 28, 0, 0, 0, 0, 0, 0, 0, 0, 0, 0, 0, 0, 0, 0, 0, 0, 0, 0, 0, 0, 0, 0, 0, 0, 0, 0, 0, 0, 0, 0, 0, 0, 0, 0]","[0, 24, 4, 0, 0, 0, 0, 0, 0, 0, 0, 0, 0, 0, 0, 0, 0, 0, 0, 0, 0, 0, 0, 0, 0, 0, 0, 0, 0, 0, 0, 0, 0, 0, 0, 0]","[0, 29, 3, 1, 3, 3, 0, 1, 0, 2, 0, 1, 2, 0, 2, 2, 1, 0, 2, 0, 0, 2, 0, 0, 0, 2, 0, 3, 2, 0, 1, 2, 1, 0, 0, 0]","[0, 12, 16, 0, 0, 0, 0, 0, 0, 0, 0, 0, 0, 0, 0, 0, 0, 0, 0, 0, 0, 0, 0, 0, 0, 0, 0, 0, 0, 0, 0, 0, 0, 0, 0, 0]"
96,0.052064954,"[0, 36, 2, 4, 6, 6, 3, 3, 3, 4, 2, 6, 4, 4, 4, 5, 4, 3, 4, 4, 4, 4, 3, 0, 4, 5, 4, 4, 7, 1, 4, 5, 4, 4, 0, 1]","[0, 32, 0, 1, 3, 3, 0, 1, 0, 2, 0, 1, 2, 0, 2, 2, 1, 0, 2, 0, 0, 2, 0, 0, 0, 2, 0, 3, 3, 0, 0, 2, 1, 0, 0, 0]","[0, 27, 1, 0, 0, 0, 0, 0, 0, 0, 0, 0, 0, 0, 0, 0, 0, 0, 0, 0, 0, 0, 0, 0, 0, 0, 0, 0, 0, 0, 0, 0, 0, 0, 0, 0]","[0, 28, 0, 0, 0, 0, 0, 0, 0, 0, 0, 0, 0, 0, 0, 0, 0, 0, 0, 0, 0, 0, 0, 0, 0, 0, 0, 0, 0, 0, 0, 0, 0, 0, 0, 0]"
97,0.054760544,"[0, 21, 10, 3, 2, 6, 1, 2, 1, 3, 1, 5, 2, 3, 3, 3, 2, 1, 3, 3, 0, 5, 1, 0, 2, 3, 3, 3, 4, 3, 0, 5, 1, 3, 0, 0]","[0, 11, 17, 0, 0, 0, 0, 0, 0, 0, 0, 0, 0, 0, 0, 0, 0, 0, 0, 0, 0, 0, 0, 0, 0, 0, 0, 0, 0, 0, 0, 0, 0, 0, 0, 0]","[0, 25, 3, 0, 0, 0, 0, 0, 0, 0, 0, 0, 0, 0, 0, 0, 0, 0, 0, 0, 0, 0, 0, 0, 0, 0, 0, 0, 0, 0, 0, 0, 0, 0, 0, 0]","[0, 30, 0, 0, 0, 1, 0, 0, 0, 0, 0, 0, 0, 0, 0, 0, 0, 0, 0, 0, 0, 0, 0, 0, 0, 0, 0, 0, 0, 0, 0, 0, 0, 0, 0, 0]"
98,0.055830707,"[0, 24, 6, 0, 0, 1, 0, 0, 0, 0, 0, 0, 0, 0, 0, 0, 0, 0, 0, 0, 0, 0, 0, 0, 0, 0, 0, 0, 0, 0, 0, 0, 0, 0, 0, 0]","[0, 28, 0, 0, 0, 0, 0, 0, 0, 0, 0, 0, 0, 0, 0, 0, 0, 0, 0, 0, 0, 0, 0, 0, 0, 0, 0, 0, 0, 0, 0, 0, 0, 0, 0, 0]","[0, 27, 1, 0, 0, 0, 0, 0, 0, 0, 0, 0, 0, 0, 0, 0, 0, 0, 0, 0, 0, 0, 0, 0, 0, 0, 0, 0, 0, 0, 0, 0, 0, 0, 0, 0]","[0, 28, 0, 0, 0, 0, 0, 0, 0, 0, 0, 0, 0, 0, 0, 0, 0, 0, 0, 0, 0, 0, 0, 0, 0, 0, 0, 0, 0, 0, 0, 0, 0, 0, 0, 0]"
99,0.051393533,"[0, 27, 1, 0, 0, 0, 0, 0, 0, 0, 0, 0, 0, 0, 0, 0, 0, 0, 0, 0, 0, 0, 0, 0, 0, 0, 0, 0, 0, 0, 0, 0, 0, 0, 0, 0]","[0, 3, 25, 0, 0, 0, 0, 0, 0, 0, 0, 0, 0, 0, 0, 0, 0, 0, 0, 0, 0, 0, 0, 0, 0, 0, 0, 0, 0, 0, 0, 0, 0, 0, 0, 0]","[0, 31, 1, 0, 3, 3, 0, 1, 0, 2, 0, 2, 1, 1, 2, 2, 0, 0, 2, 1, 0, 2, 0, 0, 0, 1, 1, 2, 3, 0, 0, 2, 1, 0, 0, 0]","[0, 28, 0, 0, 0, 0, 0, 0, 0, 0, 0, 0, 0, 0, 0, 0, 0, 0, 0, 0, 0, 0, 0, 0, 0, 0, 0, 0, 0, 0, 0, 0, 0, 0, 0, 0]"
100,0.052579591,"[0, 28, 0, 0, 0, 0, 0, 0, 0, 0, 0, 0, 0, 0, 0, 0, 0, 0, 0, 0, 0, 0, 0, 0, 0, 0, 0, 0, 0, 0, 0, 0, 0, 0, 0, 0]","[0, 27, 1, 0, 0, 0, 0, 0, 0, 0, 0, 0, 0, 0, 0, 0, 0, 0, 0, 0, 0, 0, 0, 0, 0, 0, 0, 0, 0, 0, 0, 0, 0, 0, 0, 0]","[0, 28, 0, 0, 0, 0, 0, 0, 0, 0, 0, 0, 0, 0, 0, 0, 0, 0, 0, 0, 0, 0, 0, 0, 0, 0, 0, 0, 0, 0, 0, 0, 0, 0, 0, 0]","[0, 34, 1, 3, 4, 4, 2, 2, 1, 3, 1, 4, 3, 1, 4, 3, 3, 1, 3, 3, 1, 3, 2, 0, 3, 1, 4, 3, 5, 0, 2, 4, 3, 0, 0, 0]"
101,0.05208271,"[0, 9, 19, 0, 0, 0, 0, 0, 0, 0, 0, 0, 0, 0, 0, 0, 0, 0, 0, 0, 0, 0, 0, 0, 0, 0, 0, 0, 0, 0, 0, 0, 0, 0, 0, 0]","[0, 6, 22, 0, 0, 0, 0, 0, 0, 0, 0, 0, 0, 0, 0, 0, 0, 0, 0, 0, 0, 0, 0, 0, 0, 0, 0, 0, 0, 0, 0, 0, 0, 0, 0, 0]","[0, 13, 15, 0, 0, 0, 0, 0, 0, 0, 0, 0, 0, 0, 0, 0, 0, 0, 0, 0, 0, 0, 0, 0, 0, 0, 0, 0, 0, 0, 0, 0, 0, 0, 0, 0]","[0, 45, 8, 9, 15, 12, 11, 9, 11, 12, 10, 9, 15, 10, 10, 13, 10, 12, 9, 12, 10, 13, 9, 9, 9, 14, 9, 12, 15, 9, 9, 11, 13, 10, 9, 8]"
102,0.052497126,"[0, 28, 0, 0, 0, 0, 0, 0, 0, 0, 0, 0, 0, 0, 0, 0, 0, 0, 0, 0, 0, 0, 0, 0, 0, 0, 0, 0, 0, 0, 0, 0, 0, 0, 0, 0]","[0, 30, 0, 0, 0, 1, 0, 0, 0, 0, 0, 0, 0, 0, 0, 0, 0, 0, 0, 0, 0, 0, 0, 0, 0, 0, 0, 0, 0, 0, 0, 0, 0, 0, 0, 0]","[0, 30, 2, 1, 3, 3, 0, 1, 0, 1, 1, 1, 2, 0, 2, 2, 2, 0, 0, 2, 0, 2, 0, 0, 0, 0, 2, 2, 2, 0, 1, 2, 1, 0, 0, 0]","[0, 25, 3, 0, 0, 0, 0, 0, 0, 0, 0, 0, 0, 0, 0, 0, 0, 0, 0, 0, 0, 0, 0, 0, 0, 0, 0, 0, 0, 0, 0, 0, 0, 0, 0, 0]"
103,0.052345607,"[0, 28, 0, 0, 0, 0, 0, 0, 0, 0, 0, 0, 0, 0, 0, 0, 0, 0, 0, 0, 0, 0, 0, 0, 0, 0, 0, 0, 0, 0, 0, 0, 0, 0, 0, 0]","[0, 20, 8, 0, 0, 0, 0, 0, 0, 0, 0, 0, 0, 0, 0, 0, 0, 0, 0, 0, 0, 0, 0, 0, 0, 0, 0, 0, 0, 0, 0, 0, 0, 0, 0, 0]","[0, 22, 8, 0, 0, 1, 0, 0, 0, 0, 0, 0, 0, 0, 0, 0, 0, 0, 0, 0, 0, 0, 0, 0, 0, 0, 0, 0, 0, 0, 0, 0, 0, 0, 0, 0]","[0, 28, 0, 0, 0, 0, 0, 0, 0, 0, 0, 0, 0, 0, 0, 0, 0, 0, 0, 0, 0, 0, 0, 0, 0, 0, 0, 0, 0, 0, 0, 0, 0, 0, 0, 0]"
104,0.054125828,"[0, 0, 28, 0, 0, 0, 0, 0, 0, 0, 0, 0, 0, 0, 0, 0, 0, 0, 0, 0, 0, 0, 0, 0, 0, 0, 0, 0, 0, 0, 0, 0, 0, 0, 0, 0]","[0, 14, 14, 0, 0, 0, 0, 0, 0, 0, 0, 0, 0, 0, 0, 0, 0, 0, 0, 0, 0, 0, 0, 0, 0, 0, 0, 0, 0, 0, 0, 0, 0, 0, 0, 0]","[0, 31, 1, 1, 2, 4, 0, 1, 0, 2, 0, 1, 2, 0, 2, 2, 2, 0, 0, 2, 0, 2, 0, 0, 0, 0, 2, 2, 2, 0, 1, 2, 1, 0, 0, 0]","[0, 28, 0, 0, 0, 0, 0, 0, 0, 0, 0, 0, 0, 0, 0, 0, 0, 0, 0, 0, 0, 0, 0, 0, 0, 0, 0, 0, 0, 0, 0, 0, 0, 0, 0, 0]"
105,0.051249091,"[0, 31, 1, 1, 3, 3, 0, 1, 0, 2, 0, 1, 2, 0, 2, 2, 1, 0, 2, 0, 0, 2, 0, 0, 0, 2, 0, 3, 2, 1, 0, 2, 1, 0, 0, 0]","[0, 0, 28, 0, 0, 0, 0, 0, 0, 0, 0, 0, 0, 0, 0, 0, 0, 0, 0, 0, 0, 0, 0, 0, 0, 0, 0, 0, 0, 0, 0, 0, 0, 0, 0, 0]","[0, 0, 1, 27, 0, 0, 0, 0, 0, 0, 0, 0, 0, 0, 0, 0, 0, 0, 0, 0, 0, 0, 0, 0, 0, 0, 0, 0, 0, 0, 0, 0, 0, 0, 0, 0]","[0, 28, 0, 0, 0, 0, 0, 0, 0, 0, 0, 0, 0, 0, 0, 0, 0, 0, 0, 0, 0, 0, 0, 0, 0, 0, 0, 0, 0, 0, 0, 0, 0, 0, 0, 0]"
106,0.054024469,"[0, 26, 4, 0, 0, 1, 0, 0, 0, 0, 0, 0, 0, 0, 0, 0, 0, 0, 0, 0, 0, 0, 0, 0, 0, 0, 0, 0, 0, 0, 0, 0, 0, 0, 0, 0]","[0, 9, 19, 0, 0, 0, 0, 0, 0, 0, 0, 0, 0, 0, 0, 0, 0, 0, 0, 0, 0, 0, 0, 0, 0, 0, 0, 0, 0, 0, 0, 0, 0, 0, 0, 0]","[0, 30, 0, 0, 0, 1, 0, 0, 0, 0, 0, 0, 0, 0, 0, 0, 0, 0, 0, 0, 0, 0, 0, 0, 0, 0, 0, 0, 0, 0, 0, 0, 0, 0, 0, 0]","[0, 36, 2, 4, 5, 6, 4, 3, 4, 4, 1, 6, 4, 4, 4, 5, 4, 3, 4, 4, 3, 5, 3, 0, 4, 5, 4, 4, 8, 0, 4, 4, 6, 3, 0, 0]"
107,0.051478736,"[0, 30, 0, 0, 0, 1, 0, 0, 0, 0, 0, 0, 0, 0, 0, 0, 0, 0, 0, 0, 0, 0, 0, 0, 0, 0, 0, 0, 0, 0, 0, 0, 0, 0, 0, 0]","[0, 29, 1, 0, 0, 1, 0, 0, 0, 0, 0, 0, 0, 0, 0, 0, 0, 0, 0, 0, 0, 0, 0, 0, 0, 0, 0, 0, 0, 0, 0, 0, 0, 0, 0, 0]","[0, 36, 2, 4, 5, 7, 3, 3, 3, 4, 2, 6, 4, 4, 4, 5, 4, 3, 4, 4, 4, 4, 3, 0, 4, 5, 4, 4, 8, 0, 4, 5, 4, 4, 0, 0]","[0, 28, 3, 1, 2, 4, 0, 0, 0, 2, 0, 2, 2, 0, 2, 2, 1, 0, 1, 1, 0, 2, 0, 0, 0, 1, 1, 2, 4, 0, 0, 2, 0, 1, 0, 0]"
108,0.054402074,"[0, 24, 4, 0, 0, 0, 0, 0, 0, 0, 0, 0, 0, 0, 0, 0, 0, 0, 0, 0, 0, 0, 0, 0, 0, 0, 0, 0, 0, 0, 0, 0, 0, 0, 0, 0]","[0, 43, 7, 8, 14, 10, 9, 8, 10, 11, 8, 8, 11, 11, 8, 12, 9, 9, 8, 11, 8, 12, 8, 8, 8, 10, 9, 11, 13, 8, 8, 10, 11, 8, 8, 7]","[0, 10, 18, 0, 0, 0, 0, 0, 0, 0, 0, 0, 0, 0, 0, 0, 0, 0, 0, 0, 0, 0, 0, 0, 0, 0, 0, 0, 0, 0, 0, 0, 0, 0, 0, 0]","[0, 34, 4, 4, 6, 6, 3, 3, 3, 5, 1, 6, 4, 4, 4, 5, 4, 3, 4, 4, 3, 5, 3, 0, 4, 5, 4, 4, 8, 0, 4, 5, 4, 4, 0, 0]"
109,0.052232967,"[0, 30, 0, 0, 0, 1, 0, 0, 0, 0, 0, 0, 0, 0, 0, 0, 0, 0, 0, 0, 0, 0, 0, 0, 0, 0, 0, 0, 0, 0, 0, 0, 0, 0, 0, 0]","[0, 28, 0, 0, 0, 0, 0, 0, 0, 0, 0, 0, 0, 0, 0, 0, 0, 0, 0, 0, 0, 0, 0, 0, 0, 0, 0, 0, 0, 0, 0, 0, 0, 0, 0, 0]","[0, 19, 9, 0, 0, 0, 0, 0, 0, 0, 0, 0, 0, 0, 0, 0, 0, 0, 0, 0, 0, 0, 0, 0, 0, 0, 0, 0, 0, 0, 0, 0, 0, 0, 0, 0]","[2, 32, 1, 3, 3, 5, 2, 2, 1, 3, 1, 4, 3, 2, 3, 3, 3, 1, 3, 3, 2, 3, 1, 0, 3, 2, 3, 4, 3, 2, 1, 4, 3, 1, 0, 0]"
110,0.054565252,"[0, 30, 0, 0, 0, 1, 0, 0, 0, 0, 0, 0, 0, 0, 0, 0, 0, 0, 0, 0, 0, 0, 0, 0, 0, 0, 0, 0, 0, 0, 0, 0, 0, 0, 0, 0]","[0, 40, 4, 6, 10, 8, 5, 7, 5, 8, 6, 6, 9, 6, 6, 9, 6, 6, 6, 8, 6, 7, 6, 5, 6, 7, 6, 9, 9, 5, 6, 6, 9, 6, 2, 4]","[0, 30, 0, 0, 0, 1, 0, 0, 0, 0, 0, 0, 0, 0, 0, 0, 0, 0, 0, 0, 0, 0, 0, 0, 0, 0, 0, 0, 0, 0, 0, 0, 0, 0, 0, 0]","[0, 3, 25, 0, 0, 0, 0, 0, 0, 0, 0, 0, 0, 0, 0, 0, 0, 0, 0, 0, 0, 0, 0, 0, 0, 0, 0, 0, 0, 0, 0, 0, 0, 0, 0, 0]"
111,0.052317751,"[0, 39, 8, 7, 10, 11, 7, 7, 7, 10, 6, 8, 11, 7, 7, 11, 7, 8, 7, 10, 6, 9, 7, 7, 7, 9, 7, 10, 11, 7, 7, 8, 10, 7, 6, 5]","[0, 8, 20, 0, 0, 0, 0, 0, 0, 0, 0, 0, 0, 0, 0, 0, 0, 0, 0, 0, 0, 0, 0, 0, 0, 0, 0, 0, 0, 0, 0, 0, 0, 0, 0, 0]","[0, 28, 0, 0, 0, 0, 0, 0, 0, 0, 0, 0, 0, 0, 0, 0, 0, 0, 0, 0, 0, 0, 0, 0, 0, 0, 0, 0, 0, 0, 0, 0, 0, 0, 0, 0]","[0, 28, 0, 0, 0, 0, 0, 0, 0, 0, 0, 0, 0, 0, 0, 0, 0, 0, 0, 0, 0, 0, 0, 0, 0, 0, 0, 0, 0, 0, 0, 0, 0, 0, 0, 0]"
112,0.051550264,"[0, 36, 2, 4, 6, 6, 3, 3, 3, 4, 2, 6, 4, 4, 4, 5, 4, 3, 4, 4, 3, 5, 3, 0, 4, 5, 4, 4, 8, 0, 4, 5, 4, 4, 0, 1]","[1, 33, 1, 3, 4, 4, 2, 2, 1, 3, 1, 4, 3, 2, 3, 3, 3, 1, 3, 3, 0, 4, 1, 1, 3, 1, 4, 3, 4, 2, 1, 4, 3, 1, 0, 0]","[0, 26, 2, 0, 0, 0, 0, 0, 0, 0, 0, 0, 0, 0, 0, 0, 0, 0, 0, 0, 0, 0, 0, 0, 0, 0, 0, 0, 0, 0, 0, 0, 0, 0, 0, 0]","[0, 27, 1, 0, 0, 0, 0, 0, 0, 0, 0, 0, 0, 0, 0, 0, 0, 0, 0, 0, 0, 0, 0, 0, 0, 0, 0, 0, 0, 0, 0, 0, 0, 0, 0, 0]"
113,0.051319751,"[0, 26, 2, 0, 0, 0, 0, 0, 0, 0, 0, 0, 0, 0, 0, 0, 0, 0, 0, 0, 0, 0, 0, 0, 0, 0, 0, 0, 0, 0, 0, 0, 0, 0, 0, 0]","[0, 26, 2, 0, 0, 0, 0, 0, 0, 0, 0, 0, 0, 0, 0, 0, 0, 0, 0, 0, 0, 0, 0, 0, 0, 0, 0, 0, 0, 0, 0, 0, 0, 0, 0, 0]","[0, 28, 0, 0, 0, 0, 0, 0, 0, 0, 0, 0, 0, 0, 0, 0, 0, 0, 0, 0, 0, 0, 0, 0, 0, 0, 0, 0, 0, 0, 0, 0, 0, 0, 0, 0]","[0, 32, 0, 1, 3, 3, 0, 1, 0, 2, 0, 1, 2, 0, 2, 2, 2, 0, 0, 2, 0, 2, 0, 0, 0, 0, 2, 2, 2, 1, 0, 2, 1, 0, 0, 0]"
114,0.053544668,"[0, 28, 0, 0, 0, 0, 0, 0, 0, 0, 0, 0, 0, 0, 0, 0, 0, 0, 0, 0, 0, 0, 0, 0, 0, 0, 0, 0, 0, 0, 0, 0, 0, 0, 0, 0]","[0, 28, 0, 0, 0, 0, 0, 0, 0, 0, 0, 0, 0, 0, 0, 0, 0, 0, 0, 0, 0, 0, 0, 0, 0, 0, 0, 0, 0, 0, 0, 0, 0, 0, 0, 0]","[0, 28, 0, 0, 0, 0, 0, 0, 0, 0, 0, 0, 0, 0, 0, 0, 0, 0, 0, 0, 0, 0, 0, 0, 0, 0, 0, 0, 0, 0, 0, 0, 0, 0, 0, 0]","[0, 28, 0, 0, 0, 0, 0, 0, 0, 0, 0, 0, 0, 0, 0, 0, 0, 0, 0, 0, 0, 0, 0, 0, 0, 0, 0, 0, 0, 0, 0, 0, 0, 0, 0, 0]"
115,0.05582602,"[0, 30, 0, 0, 0, 1, 0, 0, 0, 0, 0, 0, 0, 0, 0, 0, 0, 0, 0, 0, 0, 0, 0, 0, 0, 0, 0, 0, 0, 0, 0, 0, 0, 0, 0, 0]","[0, 28, 0, 0, 0, 0, 0, 0, 0, 0, 0, 0, 0, 0, 0, 0, 0, 0, 0, 0, 0, 0, 0, 0, 0, 0, 0, 0, 0, 0, 0, 0, 0, 0, 0, 0]","[0, 32, 0, 1, 3, 3, 0, 1, 0, 2, 0, 1, 2, 0, 2, 2, 2, 0, 0, 2, 0, 2, 0, 0, 0, 0, 2, 2, 2, 0, 1, 2, 1, 0, 0, 0]","[0, 28, 0, 0, 0, 0, 0, 0, 0, 0, 0, 0, 0, 0, 0, 0, 0, 0, 0, 0, 0, 0, 0, 0, 0, 0, 0, 0, 0, 0, 0, 0, 0, 0, 0, 0]"
116,0.054249841,"[0, 30, 1, 1, 2, 4, 0, 0, 0, 2, 0, 2, 2, 0, 2, 2, 1, 0, 0, 2, 0, 2, 0, 0, 0, 1, 1, 2, 4, 0, 0, 2, 0, 1, 0, 0]","[0, 28, 0, 0, 0, 0, 0, 0, 0, 0, 0, 0, 0, 0, 0, 0, 0, 0, 0, 0, 0, 0, 0, 0, 0, 0, 0, 0, 0, 0, 0, 0, 0, 0, 0, 0]","[0, 0, 27, 1, 0, 0, 0, 0, 0, 0, 0, 0, 0, 0, 0, 0, 0, 0, 0, 0, 0, 0, 0, 0, 0, 0, 0, 0, 0, 0, 0, 0, 0, 0, 0, 0]","[0, 32, 0, 1, 2, 4, 0, 1, 0, 2, 0, 1, 2, 0, 2, 2, 2, 0, 0, 2, 0, 2, 0, 0, 0, 0, 2, 2, 2, 0, 1, 2, 1, 0, 0, 0]"
117,0.053121253,"[0, 25, 3, 0, 0, 0, 0, 0, 0, 0, 0, 0, 0, 0, 0, 0, 0, 0, 0, 0, 0, 0, 0, 0, 0, 0, 0, 0, 0, 0, 0, 0, 0, 0, 0, 0]","[0, 27, 3, 1, 2, 3, 0, 1, 0, 2, 0, 2, 1, 1, 2, 2, 0, 0, 2, 1, 0, 2, 0, 0, 0, 0, 2, 2, 3, 0, 0, 2, 1, 1, 0, 0]","[0, 32, 0, 1, 2, 4, 0, 1, 0, 2, 0, 1, 2, 0, 2, 2, 1, 0, 2, 0, 0, 2, 0, 0, 0, 2, 0, 3, 2, 0, 1, 2, 1, 0, 0, 0]","[0, 30, 0, 0, 0, 1, 0, 0, 0, 0, 0, 0, 0, 0, 0, 0, 0, 0, 0, 0, 0, 0, 0, 0, 0, 0, 0, 0, 0, 0, 0, 0, 0, 0, 0, 0]"
118,0.053695137,"[0, 25, 3, 0, 0, 0, 0, 0, 0, 0, 0, 0, 0, 0, 0, 0, 0, 0, 0, 0, 0, 0, 0, 0, 0, 0, 0, 0, 0, 0, 0, 0, 0, 0, 0, 0]","[0, 28, 0, 0, 0, 0, 0, 0, 0, 0, 0, 0, 0, 0, 0, 0, 0, 0, 0, 0, 0, 0, 0, 0, 0, 0, 0, 0, 0, 0, 0, 0, 0, 0, 0, 0]","[0, 32, 0, 1, 3, 3, 0, 1, 0, 2, 0, 1, 2, 0, 2, 2, 2, 0, 0, 2, 0, 2, 0, 0, 0, 0, 2, 2, 2, 1, 0, 2, 1, 0, 0, 0]","[0, 28, 0, 0, 0, 0, 0, 0, 0, 0, 0, 0, 0, 0, 0, 0, 0, 0, 0, 0, 0, 0, 0, 0, 0, 0, 0, 0, 0, 0, 0, 0, 0, 0, 0, 0]"
119,0.054410519,"[0, 28, 0, 0, 0, 0, 0, 0, 0, 0, 0, 0, 0, 0, 0, 0, 0, 0, 0, 0, 0, 0, 0, 0, 0, 0, 0, 0, 0, 0, 0, 0, 0, 0, 0, 0]","[0, 30, 0, 0, 0, 1, 0, 0, 0, 0, 0, 0, 0, 0, 0, 0, 0, 0, 0, 0, 0, 0, 0, 0, 0, 0, 0, 0, 0, 0, 0, 0, 0, 0, 0, 0]","[0, 35, 3, 4, 6, 6, 3, 3, 3, 4, 2, 6, 4, 4, 4, 5, 4, 3, 4, 4, 4, 4, 3, 0, 4, 5, 4, 4, 7, 1, 4, 5, 5, 3, 0, 0]","[0, 27, 1, 0, 0, 0, 0, 0, 0, 0, 0, 0, 0, 0, 0, 0, 0, 0, 0, 0, 0, 0, 0, 0, 0, 0, 0, 0, 0, 0, 0, 0, 0, 0, 0, 0]"
120,0.054004495,"[0, 27, 1, 0, 0, 0, 0, 0, 0, 0, 0, 0, 0, 0, 0, 0, 0, 0, 0, 0, 0, 0, 0, 0, 0, 0, 0, 0, 0, 0, 0, 0, 0, 0, 0, 0]","[0, 26, 2, 0, 0, 0, 0, 0, 0, 0, 0, 0, 0, 0, 0, 0, 0, 0, 0, 0, 0, 0, 0, 0, 0, 0, 0, 0, 0, 0, 0, 0, 0, 0, 0, 0]","[0, 31, 1, 1, 3, 3, 0, 1, 0, 2, 0, 1, 2, 0, 2, 2, 2, 0, 0, 2, 0, 2, 0, 0, 0, 0, 2, 2, 3, 0, 0, 2, 1, 0, 0, 0]","[0, 0, 22, 6, 0, 0, 0, 0, 0, 0, 0, 0, 0, 0, 0, 0, 0, 0, 0, 0, 0, 0, 0, 0, 0, 0, 0, 0, 0, 0, 0, 0, 0, 0, 0, 0]"
121,0.053398105,"[0, 31, 1, 1, 2, 4, 0, 1, 0, 2, 0, 1, 2, 0, 2, 2, 1, 1, 0, 2, 0, 2, 0, 0, 0, 0, 2, 2, 2, 0, 1, 2, 1, 0, 0, 0]","[0, 5, 23, 0, 0, 0, 0, 0, 0, 0, 0, 0, 0, 0, 0, 0, 0, 0, 0, 0, 0, 0, 0, 0, 0, 0, 0, 0, 0, 0, 0, 0, 0, 0, 0, 0]","[0, 6, 22, 0, 0, 0, 0, 0, 0, 0, 0, 0, 0, 0, 0, 0, 0, 0, 0, 0, 0, 0, 0, 0, 0, 0, 0, 0, 0, 0, 0, 0, 0, 0, 0, 0]","[0, 27, 1, 0, 0, 0, 0, 0, 0, 0, 0, 0, 0, 0, 0, 0, 0, 0, 0, 0, 0, 0, 0, 0, 0, 0, 0, 0, 0, 0, 0, 0, 0, 0, 0, 0]"
122,0.052733816,"[0, 11, 17, 0, 0, 0, 0, 0, 0, 0, 0, 0, 0, 0, 0, 0, 0, 0, 0, 0, 0, 0, 0, 0, 0, 0, 0, 0, 0, 0, 0, 0, 0, 0, 0, 0]","[0, 0, 23, 5, 0, 0, 0, 0, 0, 0, 0, 0, 0, 0, 0, 0, 0, 0, 0, 0, 0, 0, 0, 0, 0, 0, 0, 0, 0, 0, 0, 0, 0, 0, 0, 0]","[0, 28, 0, 0, 0, 0, 0, 0, 0, 0, 0, 0, 0, 0, 0, 0, 0, 0, 0, 0, 0, 0, 0, 0, 0, 0, 0, 0, 0, 0, 0, 0, 0, 0, 0, 0]","[0, 36, 2, 4, 6, 6, 3, 3, 3, 4, 2, 6, 4, 4, 4, 5, 4, 3, 4, 4, 4, 3, 4, 0, 4, 5, 4, 4, 7, 1, 4, 4, 4, 4, 1, 0]"
123,0.052860258,"[0, 26, 2, 0, 0, 0, 0, 0, 0, 0, 0, 0, 0, 0, 0, 0, 0, 0, 0, 0, 0, 0, 0, 0, 0, 0, 0, 0, 0, 0, 0, 0, 0, 0, 0, 0]","[0, 25, 3, 0, 0, 0, 0, 0, 0, 0, 0, 0, 0, 0, 0, 0, 0, 0, 0, 0, 0, 0, 0, 0, 0, 0, 0, 0, 0, 0, 0, 0, 0, 0, 0, 0]","[0, 34, 1, 3, 4, 4, 2, 2, 1, 3, 1, 4, 3, 2, 3, 3, 3, 1, 3, 3, 2, 3, 1, 0, 3, 2, 3, 4, 4, 0, 3, 3, 2, 2, 0, 0]","[0, 36, 2, 4, 6, 6, 3, 3, 4, 4, 1, 6, 4, 4, 4, 5, 4, 3, 4, 4, 3, 5, 3, 0, 4, 5, 4, 4, 8, 0, 4, 6, 4, 3, 0, 1]"
124,0.056350601,"[0, 28, 2, 0, 0, 1, 0, 0, 0, 0, 0, 0, 0, 0, 0, 0, 0, 0, 0, 0, 0, 0, 0, 0, 0, 0, 0, 0, 0, 0, 0, 0, 0, 0, 0, 0]","[0, 2, 26, 0, 0, 0, 0, 0, 0, 0, 0, 0, 0, 0, 0, 0, 0, 0, 0, 0, 0, 0, 0, 0, 0, 0, 0, 0, 0, 0, 0, 0, 0, 0, 0, 0]","[0, 29, 1, 0, 0, 1, 0, 0, 0, 0, 0, 0, 0, 0, 0, 0, 0, 0, 0, 0, 0, 0, 0, 0, 0, 0, 0, 0, 0, 0, 0, 0, 0, 0, 0, 0]","[0, 30, 1, 1, 2, 4, 0, 0, 0, 2, 0, 2, 2, 0, 2, 2, 1, 0, 1, 1, 0, 2, 0, 0, 0, 1, 1, 2, 3, 1, 0, 2, 0, 0, 1, 0]"
125,0.053218741,"[0, 28, 0, 0, 0, 0, 0, 0, 0, 0, 0, 0, 0, 0, 0, 0, 0, 0, 0, 0, 0, 0, 0, 0, 0, 0, 0, 0, 0, 0, 0, 0, 0, 0, 0, 0]","[0, 27, 1, 0, 0, 0, 0, 0, 0, 0, 0, 0, 0, 0, 0, 0, 0, 0, 0, 0, 0, 0, 0, 0, 0, 0, 0, 0, 0, 0, 0, 0, 0, 0, 0, 0]","[0, 37, 4, 5, 6, 9, 4, 5, 5, 5, 3, 7, 6, 5, 5, 7, 5, 5, 5, 5, 5, 5, 5, 3, 5, 5, 5, 9, 6, 4, 5, 6, 5, 5, 1, 3]","[1, 41, 5, 7, 12, 9, 7, 7, 7, 11, 6, 8, 10, 8, 7, 11, 7, 7, 7, 10, 7, 10, 7, 6, 7, 9, 7, 10, 11, 7, 7, 8, 10, 7, 5, 5]"
126,0.051563722,"[0, 27, 1, 0, 0, 0, 0, 0, 0, 0, 0, 0, 0, 0, 0, 0, 0, 0, 0, 0, 0, 0, 0, 0, 0, 0, 0, 0, 0, 0, 0, 0, 0, 0, 0, 0]","[0, 28, 0, 0, 0, 0, 0, 0, 0, 0, 0, 0, 0, 0, 0, 0, 0, 0, 0, 0, 0, 0, 0, 0, 0, 0, 0, 0, 0, 0, 0, 0, 0, 0, 0, 0]","[0, 40, 4, 6, 10, 8, 6, 6, 6, 7, 6, 6, 8, 7, 6, 9, 6, 6, 6, 8, 6, 7, 6, 4, 6, 9, 6, 7, 11, 4, 6, 7, 7, 6, 5, 2]","[0, 30, 0, 0, 0, 1, 0, 0, 0, 0, 0, 0, 0, 0, 0, 0, 0, 0, 0, 0, 0, 0, 0, 0, 0, 0, 0, 0, 0, 0, 0, 0, 0, 0, 0, 0]"
127,0.051392216,"[0, 28, 0, 0, 0, 0, 0, 0, 0, 0, 0, 0, 0, 0, 0, 0, 0, 0, 0, 0, 0, 0, 0, 0, 0, 0, 0, 0, 0, 0, 0, 0, 0, 0, 0, 0]","[0, 8, 20, 0, 0, 0, 0, 0, 0, 0, 0, 0, 0, 0, 0, 0, 0, 0, 0, 0, 0, 0, 0, 0, 0, 0, 0, 0, 0, 0, 0, 0, 0, 0, 0, 0]","[0, 22, 6, 0, 0, 0, 0, 0, 0, 0, 0, 0, 0, 0, 0, 0, 0, 0, 0, 0, 0, 0, 0, 0, 0, 0, 0, 0, 0, 0, 0, 0, 0, 0, 0, 0]","[0, 28, 0, 0, 0, 0, 0, 0, 0, 0, 0, 0, 0, 0, 0, 0, 0, 0, 0, 0, 0, 0, 0, 0, 0, 0, 0, 0, 0, 0, 0, 0, 0, 0, 0, 0]"
128,0.055451778,"[0, 35, 3, 4, 4, 8, 3, 3, 3, 4, 2, 6, 4, 4, 4, 5, 4, 2, 5, 4, 3, 4, 4, 0, 4, 4, 4, 5, 7, 2, 3, 4, 5, 3, 1, 0]","[0, 28, 0, 0, 0, 0, 0, 0, 0, 0, 0, 0, 0, 0, 0, 0, 0, 0, 0, 0, 0, 0, 0, 0, 0, 0, 0, 0, 0, 0, 0, 0, 0, 0, 0, 0]","[0, 27, 1, 0, 0, 0, 0, 0, 0, 0, 0, 0, 0, 0, 0, 0, 0, 0, 0, 0, 0, 0, 0, 0, 0, 0, 0, 0, 0, 0, 0, 0, 0, 0, 0, 0]","[0, 3, 25, 0, 0, 0, 0, 0, 0, 0, 0, 0, 0, 0, 0, 0, 0, 0, 0, 0, 0, 0, 0, 0, 0, 0, 0, 0, 0, 0, 0, 0, 0, 0, 0, 0]"
129,0.055093187,"[0, 0, 28, 0, 0, 0, 0, 0, 0, 0, 0, 0, 0, 0, 0, 0, 0, 0, 0, 0, 0, 0, 0, 0, 0, 0, 0, 0, 0, 0, 0, 0, 0, 0, 0, 0]","[0, 32, 0, 1, 3, 3, 0, 1, 0, 2, 0, 1, 2, 0, 2, 2, 1, 0, 2, 0, 0, 2, 0, 0, 0, 2, 0, 3, 3, 0, 0, 2, 1, 0, 0, 0]","[0, 9, 19, 0, 0, 0, 0, 0, 0, 0, 0, 0, 0, 0, 0, 0, 0, 0, 0, 0, 0, 0, 0, 0, 0, 0, 0, 0, 0, 0, 0, 0, 0, 0, 0, 0]","[0, 34, 1, 3, 4, 4, 2, 2, 0, 4, 1, 4, 3, 2, 3, 3, 3, 1, 3, 3, 1, 3, 2, 0, 3, 2, 3, 3, 5, 0, 3, 3, 3, 1, 0, 0]"
130,0.051632862,"[0, 29, 1, 0, 0, 1, 0, 0, 0, 0, 0, 0, 0, 0, 0, 0, 0, 0, 0, 0, 0, 0, 0, 0, 0, 0, 0, 0, 0, 0, 0, 0, 0, 0, 0, 0]","[0, 5, 23, 0, 0, 0, 0, 0, 0, 0, 0, 0, 0, 0, 0, 0, 0, 0, 0, 0, 0, 0, 0, 0, 0, 0, 0, 0, 0, 0, 0, 0, 0, 0, 0, 0]","[0, 28, 0, 0, 0, 0, 0, 0, 0, 0, 0, 0, 0, 0, 0, 0, 0, 0, 0, 0, 0, 0, 0, 0, 0, 0, 0, 0, 0, 0, 0, 0, 0, 0, 0, 0]","[0, 9, 19, 0, 0, 0, 0, 0, 0, 0, 0, 0, 0, 0, 0, 0, 0, 0, 0, 0, 0, 0, 0, 0, 0, 0, 0, 0, 0, 0, 0, 0, 0, 0, 0, 0]"
131,0.053996974,"[0, 30, 0, 0, 0, 1, 0, 0, 0, 0, 0, 0, 0, 0, 0, 0, 0, 0, 0, 0, 0, 0, 0, 0, 0, 0, 0, 0, 0, 0, 0, 0, 0, 0, 0, 0]","[0, 28, 0, 0, 0, 0, 0, 0, 0, 0, 0, 0, 0, 0, 0, 0, 0, 0, 0, 0, 0, 0, 0, 0, 0, 0, 0, 0, 0, 0, 0, 0, 0, 0, 0, 0]","[0, 38, 3, 5, 7, 8, 5, 5, 4, 5, 4, 6, 6, 5, 5, 8, 5, 4, 5, 5, 5, 6, 5, 3, 5, 5, 5, 7, 8, 4, 4, 6, 5, 5, 2, 3]","[0, 34, 1, 3, 4, 4, 2, 2, 1, 3, 1, 4, 3, 2, 3, 3, 3, 1, 3, 3, 1, 3, 2, 0, 3, 2, 3, 3, 5, 0, 3, 3, 3, 1, 0, 0]"
132,0.053659378,"[0, 27, 1, 0, 0, 0, 0, 0, 0, 0, 0, 0, 0, 0, 0, 0, 0, 0, 0, 0, 0, 0, 0, 0, 0, 0, 0, 0, 0, 0, 0, 0, 0, 0, 0, 0]","[0, 35, 3, 4, 6, 6, 3, 3, 3, 5, 1, 6, 4, 4, 4, 5, 4, 3, 4, 4, 4, 4, 3, 0, 4, 5, 4, 5, 7, 0, 4, 7, 2, 4, 0, 2]","[0, 32, 0, 1, 3, 3, 0, 1, 0, 2, 0, 1, 2, 0, 2, 2, 1, 0, 2, 0, 0, 2, 0, 0, 0, 2, 0, 3, 2, 0, 1, 2, 1, 0, 0, 0]","[0, 11, 17, 0, 0, 0, 0, 0, 0, 0, 0, 0, 0, 0, 0, 0, 0, 0, 0, 0, 0, 0, 0, 0, 0, 0, 0, 0, 0, 0, 0, 0, 0, 0, 0, 0]"
133,0.051220665,"[0, 28, 0, 0, 0, 0, 0, 0, 0, 0, 0, 0, 0, 0, 0, 0, 0, 0, 0, 0, 0, 0, 0, 0, 0, 0, 0, 0, 0, 0, 0, 0, 0, 0, 0, 0]","[0, 28, 0, 0, 0, 0, 0, 0, 0, 0, 0, 0, 0, 0, 0, 0, 0, 0, 0, 0, 0, 0, 0, 0, 0, 0, 0, 0, 0, 0, 0, 0, 0, 0, 0, 0]","[0, 28, 0, 0, 0, 0, 0, 0, 0, 0, 0, 0, 0, 0, 0, 0, 0, 0, 0, 0, 0, 0, 0, 0, 0, 0, 0, 0, 0, 0, 0, 0, 0, 0, 0, 0]","[0, 9, 19, 0, 0, 0, 0, 0, 0, 0, 0, 0, 0, 0, 0, 0, 0, 0, 0, 0, 0, 0, 0, 0, 0, 0, 0, 0, 0, 0, 0, 0, 0, 0, 0, 0]"
134,0.052126484,"[0, 13, 15, 0, 0, 0, 0, 0, 0, 0, 0, 0, 0, 0, 0, 0, 0, 0, 0, 0, 0, 0, 0, 0, 0, 0, 0, 0, 0, 0, 0, 0, 0, 0, 0, 0]","[0, 32, 0, 1, 3, 3, 0, 1, 0, 2, 0, 1, 2, 0, 2, 2, 2, 0, 0, 2, 0, 2, 0, 0, 0, 0, 2, 2, 3, 0, 0, 2, 1, 0, 0, 0]","[0, 8, 20, 0, 0, 0, 0, 0, 0, 0, 0, 0, 0, 0, 0, 0, 0, 0, 0, 0, 0, 0, 0, 0, 0, 0, 0, 0, 0, 0, 0, 0, 0, 0, 0, 0]","[0, 30, 0, 0, 0, 1, 0, 0, 0, 0, 0, 0, 0, 0, 0, 0, 0, 0, 0, 0, 0, 0, 0, 0, 0, 0, 0, 0, 0, 0, 0, 0, 0, 0, 0, 0]"
135,0.052480729,"[0, 0, 25, 3, 2, 4, 0, 0, 0, 2, 0, 2, 2, 0, 2, 2, 1, 0, 1, 1, 0, 2, 0, 0, 0, 1, 1, 2, 3, 0, 1, 2, 0, 0, 1, 0]","[0, 28, 0, 0, 0, 0, 0, 0, 0, 0, 0, 0, 0, 0, 0, 0, 0, 0, 0, 0, 0, 0, 0, 0, 0, 0, 0, 0, 0, 0, 0, 0, 0, 0, 0, 0]","[0, 27, 1, 0, 0, 0, 0, 0, 0, 0, 0, 0, 0, 0, 0, 0, 0, 0, 0, 0, 0, 0, 0, 0, 0, 0, 0, 0, 0, 0, 0, 0, 0, 0, 0, 0]","[0, 28, 0, 0, 0, 0, 0, 0, 0, 0, 0, 0, 0, 0, 0, 0, 0, 0, 0, 0, 0, 0, 0, 0, 0, 0, 0, 0, 0, 0, 0, 0, 0, 0, 0, 0]"
136,0.053119689,"[0, 44, 6, 8, 13, 11, 9, 8, 8, 13, 7, 9, 11, 10, 9, 12, 8, 10, 8, 10, 9, 12, 8, 7, 9, 11, 8, 11, 13, 8, 8, 10, 11, 8, 8, 4]","[0, 26, 2, 0, 0, 0, 0, 0, 0, 0, 0, 0, 0, 0, 0, 0, 0, 0, 0, 0, 0, 0, 0, 0, 0, 0, 0, 0, 0, 0, 0, 0, 0, 0, 0, 0]","[0, 30, 0, 0, 0, 1, 0, 0, 0, 0, 0, 0, 0, 0, 0, 0, 0, 0, 0, 0, 0, 0, 0, 0, 0, 0, 0, 0, 0, 0, 0, 0, 0, 0, 0, 0]","[0, 34, 1, 3, 3, 5, 2, 2, 1, 3, 1, 4, 3, 2, 3, 3, 3, 1, 3, 3, 1, 4, 1, 0, 3, 2, 3, 3, 5, 0, 3, 3, 3, 1, 0, 0]"
137,0.052628224,"[0, 30, 0, 0, 0, 1, 0, 0, 0, 0, 0, 0, 0, 0, 0, 0, 0, 0, 0, 0, 0, 0, 0, 0, 0, 0, 0, 0, 0, 0, 0, 0, 0, 0, 0, 0]","[0, 25, 3, 0, 0, 0, 0, 0, 0, 0, 0, 0, 0, 0, 0, 0, 0, 0, 0, 0, 0, 0, 0, 0, 0, 0, 0, 0, 0, 0, 0, 0, 0, 0, 0, 0]","[0, 28, 0, 0, 0, 0, 0, 0, 0, 0, 0, 0, 0, 0, 0, 0, 0, 0, 0, 0, 0, 0, 0, 0, 0, 0, 0, 0, 0, 0, 0, 0, 0, 0, 0, 0]","[0, 29, 1, 0, 0, 1, 0, 0, 0, 0, 0, 0, 0, 0, 0, 0, 0, 0, 0, 0, 0, 0, 0, 0, 0, 0, 0, 0, 0, 0, 0, 0, 0, 0, 0, 0]"
138,0.051871569,"[0, 30, 0, 0, 0, 1, 0, 0, 0, 0, 0, 0, 0, 0, 0, 0, 0, 0, 0, 0, 0, 0, 0, 0, 0, 0, 0, 0, 0, 0, 0, 0, 0, 0, 0, 0]","[0, 14, 14, 0, 0, 0, 0, 0, 0, 0, 0, 0, 0, 0, 0, 0, 0, 0, 0, 0, 0, 0, 0, 0, 0, 0, 0, 0, 0, 0, 0, 0, 0, 0, 0, 0]","[0, 36, 2, 4, 6, 6, 3, 3, 4, 4, 1, 6, 4, 4, 4, 5, 4, 3, 4, 4, 2, 6, 3, 0, 4, 5, 4, 4, 6, 2, 4, 5, 4, 3, 1, 1]","[0, 32, 0, 1, 3, 3, 0, 1, 0, 2, 0, 1, 2, 0, 2, 2, 1, 0, 2, 0, 0, 2, 0, 0, 0, 2, 0, 3, 2, 0, 1, 2, 1, 0, 0, 0]"
139,0.054463314,"[0, 32, 0, 1, 3, 3, 0, 1, 0, 2, 0, 1, 2, 0, 2, 2, 1, 0, 2, 0, 1, 2, 0, 0, 0, 0, 2, 2, 3, 0, 0, 2, 1, 0, 0, 0]","[0, 32, 0, 1, 3, 3, 0, 1, 0, 2, 0, 1, 2, 0, 2, 2, 1, 1, 0, 2, 0, 2, 0, 0, 0, 0, 2, 2, 3, 0, 0, 2, 1, 0, 0, 0]","[0, 32, 0, 1, 2, 4, 0, 1, 0, 2, 0, 1, 2, 0, 2, 2, 2, 0, 0, 2, 0, 2, 0, 0, 0, 0, 2, 2, 3, 0, 0, 2, 1, 0, 0, 0]","[0, 28, 0, 0, 0, 0, 0, 0, 0, 0, 0, 0, 0, 0, 0, 0, 0, 0, 0, 0, 0, 0, 0, 0, 0, 0, 0, 0, 0, 0, 0, 0, 0, 0, 0, 0]"
140,0.053600691,"[0, 26, 2, 0, 0, 0, 0, 0, 0, 0, 0, 0, 0, 0, 0, 0, 0, 0, 0, 0, 0, 0, 0, 0, 0, 0, 0, 0, 0, 0, 0, 0, 0, 0, 0, 0]","[0, 4, 24, 0, 0, 0, 0, 0, 0, 0, 0, 0, 0, 0, 0, 0, 0, 0, 0, 0, 0, 0, 0, 0, 0, 0, 0, 0, 0, 0, 0, 0, 0, 0, 0, 0]","[0, 20, 8, 0, 0, 0, 0, 0, 0, 0, 0, 0, 0, 0, 0, 0, 0, 0, 0, 0, 0, 0, 0, 0, 0, 0, 0, 0, 0, 0, 0, 0, 0, 0, 0, 0]","[0, 28, 0, 0, 0, 0, 0, 0, 0, 0, 0, 0, 0, 0, 0, 0, 0, 0, 0, 0, 0, 0, 0, 0, 0, 0, 0, 0, 0, 0, 0, 0, 0, 0, 0, 0]"
141,0.051956593,"[0, 40, 4, 6, 10, 8, 6, 6, 6, 7, 6, 6, 9, 6, 6, 9, 6, 6, 6, 8, 7, 6, 6, 5, 6, 7, 6, 9, 9, 5, 6, 8, 7, 6, 2, 6]","[0, 28, 0, 0, 0, 0, 0, 0, 0, 0, 0, 0, 0, 0, 0, 0, 0, 0, 0, 0, 0, 0, 0, 0, 0, 0, 0, 0, 0, 0, 0, 0, 0, 0, 0, 0]","[0, 28, 0, 0, 0, 0, 0, 0, 0, 0, 0, 0, 0, 0, 0, 0, 0, 0, 0, 0, 0, 0, 0, 0, 0, 0, 0, 0, 0, 0, 0, 0, 0, 0, 0, 0]","[0, 28, 0, 0, 0, 0, 0, 0, 0, 0, 0, 0, 0, 0, 0, 0, 0, 0, 0, 0, 0, 0, 0, 0, 0, 0, 0, 0, 0, 0, 0, 0, 0, 0, 0, 0]"
142,0.052333996,"[0, 28, 0, 0, 0, 0, 0, 0, 0, 0, 0, 0, 0, 0, 0, 0, 0, 0, 0, 0, 0, 0, 0, 0, 0, 0, 0, 0, 0, 0, 0, 0, 0, 0, 0, 0]","[0, 11, 17, 0, 0, 0, 0, 0, 0, 0, 0, 0, 0, 0, 0, 0, 0, 0, 0, 0, 0, 0, 0, 0, 0, 0, 0, 0, 0, 0, 0, 0, 0, 0, 0, 0]","[0, 24, 4, 0, 0, 0, 0, 0, 0, 0, 0, 0, 0, 0, 0, 0, 0, 0, 0, 0, 0, 0, 0, 0, 0, 0, 0, 0, 0, 0, 0, 0, 0, 0, 0, 0]","[0, 34, 1, 3, 4, 4, 2, 2, 1, 3, 1, 4, 3, 1, 4, 3, 3, 1, 3, 3, 0, 4, 2, 0, 2, 2, 4, 3, 4, 2, 1, 4, 3, 1, 0, 0]"
143,0.051459443,"[0, 31, 1, 1, 3, 3, 0, 1, 0, 2, 0, 1, 2, 0, 2, 2, 2, 0, 0, 2, 0, 2, 0, 0, 0, 0, 2, 2, 3, 0, 0, 2, 1, 0, 0, 0]","[0, 32, 0, 1, 3, 3, 0, 1, 0, 1, 1, 1, 2, 0, 2, 2, 1, 1, 0, 2, 0, 1, 1, 0, 0, 0, 2, 2, 2, 0, 1, 2, 1, 0, 0, 0]","[0, 25, 3, 0, 0, 0, 0, 0, 0, 0, 0, 0, 0, 0, 0, 0, 0, 0, 0, 0, 0, 0, 0, 0, 0, 0, 0, 0, 0, 0, 0, 0, 0, 0, 0, 0]","[0, 26, 2, 0, 0, 0, 0, 0, 0, 0, 0, 0, 0, 0, 0, 0, 0, 0, 0, 0, 0, 0, 0, 0, 0, 0, 0, 0, 0, 0, 0, 0, 0, 0, 0, 0]"
144,0.052996318,"[0, 24, 4, 0, 0, 0, 0, 0, 0, 0, 0, 0, 0, 0, 0, 0, 0, 0, 0, 0, 0, 0, 0, 0, 0, 0, 0, 0, 0, 0, 0, 0, 0, 0, 0, 0]","[0, 32, 0, 1, 3, 3, 0, 1, 0, 2, 0, 1, 2, 0, 2, 2, 1, 1, 0, 2, 0, 2, 0, 0, 0, 0, 2, 2, 2, 0, 1, 2, 1, 0, 0, 0]","[0, 30, 0, 0, 0, 1, 0, 0, 0, 0, 0, 0, 0, 0, 0, 0, 0, 0, 0, 0, 0, 0, 0, 0, 0, 0, 0, 0, 0, 0, 0, 0, 0, 0, 0, 0]","[0, 25, 3, 0, 0, 0, 0, 0, 0, 0, 0, 0, 0, 0, 0, 0, 0, 0, 0, 0, 0, 0, 0, 0, 0, 0, 0, 0, 0, 0, 0, 0, 0, 0, 0, 0]"
145,0.051275187,"[0, 28, 0, 0, 0, 0, 0, 0, 0, 0, 0, 0, 0, 0, 0, 0, 0, 0, 0, 0, 0, 0, 0, 0, 0, 0, 0, 0, 0, 0, 0, 0, 0, 0, 0, 0]","[0, 13, 15, 0, 0, 0, 0, 0, 0, 0, 0, 0, 0, 0, 0, 0, 0, 0, 0, 0, 0, 0, 0, 0, 0, 0, 0, 0, 0, 0, 0, 0, 0, 0, 0, 0]","[0, 31, 1, 1, 2, 4, 0, 1, 0, 2, 0, 1, 2, 0, 2, 2, 1, 0, 2, 0, 0, 2, 0, 0, 0, 2, 0, 3, 3, 0, 0, 2, 1, 0, 0, 0]","[0, 14, 14, 0, 0, 0, 0, 0, 0, 0, 0, 0, 0, 0, 0, 0, 0, 0, 0, 0, 0, 0, 0, 0, 0, 0, 0, 0, 0, 0, 0, 0, 0, 0, 0, 0]"
146,0.051929838,"[0, 28, 0, 0, 0, 0, 0, 0, 0, 0, 0, 0, 0, 0, 0, 0, 0, 0, 0, 0, 0, 0, 0, 0, 0, 0, 0, 0, 0, 0, 0, 0, 0, 0, 0, 0]","[0, 34, 1, 3, 4, 4, 2, 2, 2, 2, 1, 4, 3, 2, 3, 3, 3, 1, 3, 3, 2, 3, 1, 0, 3, 2, 3, 3, 4, 2, 1, 4, 3, 1, 0, 0]","[0, 19, 9, 0, 0, 0, 0, 0, 0, 0, 0, 0, 0, 0, 0, 0, 0, 0, 0, 0, 0, 0, 0, 0, 0, 0, 0, 0, 0, 0, 0, 0, 0, 0, 0, 0]","[0, 2, 26, 0, 0, 0, 0, 0, 0, 0, 0, 0, 0, 0, 0, 0, 0, 0, 0, 0, 0, 0, 0, 0, 0, 0, 0, 0, 0, 0, 0, 0, 0, 0, 0, 0]"
147,0.051959067,"[0, 28, 0, 0, 0, 0, 0, 0, 0, 0, 0, 0, 0, 0, 0, 0, 0, 0, 0, 0, 0, 0, 0, 0, 0, 0, 0, 0, 0, 0, 0, 0, 0, 0, 0, 0]","[0, 5, 23, 0, 0, 0, 0, 0, 0, 0, 0, 0, 0, 0, 0, 0, 0, 0, 0, 0, 0, 0, 0, 0, 0, 0, 0, 0, 0, 0, 0, 0, 0, 0, 0, 0]","[0, 22, 6, 0, 0, 0, 0, 0, 0, 0, 0, 0, 0, 0, 0, 0, 0, 0, 0, 0, 0, 0, 0, 0, 0, 0, 0, 0, 0, 0, 0, 0, 0, 0, 0, 0]","[0, 32, 0, 1, 3, 3, 0, 1, 0, 2, 0, 1, 2, 0, 2, 2, 1, 0, 2, 0, 0, 2, 0, 0, 0, 2, 0, 3, 2, 0, 1, 2, 1, 0, 0, 0]"
148,0.053473816,"[0, 28, 0, 0, 0, 0, 0, 0, 0, 0, 0, 0, 0, 0, 0, 0, 0, 0, 0, 0, 0, 0, 0, 0, 0, 0, 0, 0, 0, 0, 0, 0, 0, 0, 0, 0]","[0, 36, 2, 4, 6, 6, 3, 3, 3, 4, 2, 6, 4, 4, 4, 5, 4, 3, 4, 4, 4, 4, 3, 0, 4, 5, 4, 4, 8, 0, 4, 5, 4, 4, 0, 0]","[0, 34, 1, 3, 3, 5, 2, 2, 2, 2, 1, 4, 3, 2, 3, 3, 3, 1, 3, 3, 2, 3, 1, 0, 3, 2, 3, 3, 5, 0, 3, 3, 3, 1, 0, 0]","[0, 28, 0, 0, 0, 0, 0, 0, 0, 0, 0, 0, 0, 0, 0, 0, 0, 0, 0, 0, 0, 0, 0, 0, 0, 0, 0, 0, 0, 0, 0, 0, 0, 0, 0, 0]"
149,0.054532705,"[0, 28, 0, 0, 0, 0, 0, 0, 0, 0, 0, 0, 0, 0, 0, 0, 0, 0, 0, 0, 0, 0, 0, 0, 0, 0, 0, 0, 0, 0, 0, 0, 0, 0, 0, 0]","[0, 26, 2, 0, 0, 0, 0, 0, 0, 0, 0, 0, 0, 0, 0, 0, 0, 0, 0, 0, 0, 0, 0, 0, 0, 0, 0, 0, 0, 0, 0, 0, 0, 0, 0, 0]","[0, 6, 22, 0, 0, 0, 0, 0, 0, 0, 0, 0, 0, 0, 0, 0, 0, 0, 0, 0, 0, 0, 0, 0, 0, 0, 0, 0, 0, 0, 0, 0, 0, 0, 0, 0]","[0, 7, 21, 0, 0, 0, 0, 0, 0, 0, 0, 0, 0, 0, 0, 0, 0, 0, 0, 0, 0, 0, 0, 0, 0, 0, 0, 0, 0, 0, 0, 0, 0, 0, 0, 0]"